{
    "meta": {
        "limits (per side)": {
            "sentences": 20,
            "words": 100
        },
        "run time": 11.45,
        "size": {
            "source": {
                "sentences": [
                    29,
                    25
                ],
                "words": [
                    599,
                    261
                ]
            }
        },
        "source": [
            "30",
            "31"
        ]
    },
    "output": [
        {
            "evaluation": {
                "C": 40.909090909090914,
                "D": 33.98692810457516,
                "H": 38.813758942062634,
                "R": 42.69005847953216
            },
            "parameters": {
                "alpha": 20,
                "aspect detection": "manual",
                "method": "contrastive",
                "optmization": "greedy",
                "polarity attribution": "manual"
            },
            "size": {
                "word count": [
                    100,
                    31
                ]
            },
            "summ": [
                [
                    10,
                    64,
                    25
                ],
                [
                    58,
                    18,
                    57
                ]
            ]
        },
        {
            "evaluation": {
                "C": 40.909090909090914,
                "D": 33.98692810457516,
                "H": 38.813758942062634,
                "R": 42.69005847953216
            },
            "parameters": {
                "alpha": 20,
                "aspect detection": "manual",
                "method": "contrastive",
                "optmization": "greedy",
                "polarity attribution": "manual"
            },
            "size": {
                "word count": [
                    100,
                    22
                ]
            },
            "summ": [
                [
                    10,
                    64,
                    2
                ],
                [
                    58,
                    18,
                    81
                ]
            ]
        },
        {
            "evaluation": {
                "C": 40.909090909090914,
                "D": 33.98692810457516,
                "H": 38.813758942062634,
                "R": 42.69005847953216
            },
            "parameters": {
                "alpha": 20,
                "aspect detection": "manual",
                "method": "contrastive",
                "optmization": "greedy",
                "polarity attribution": "manual"
            },
            "size": {
                "word count": [
                    99,
                    31
                ]
            },
            "summ": [
                [
                    10,
                    64,
                    71
                ],
                [
                    58,
                    18,
                    57
                ]
            ]
        },
        {
            "evaluation": {
                "C": 40.909090909090914,
                "D": 33.98692810457516,
                "H": 38.813758942062634,
                "R": 42.69005847953216
            },
            "parameters": {
                "alpha": 20,
                "aspect detection": "manual",
                "method": "contrastive",
                "optmization": "greedy",
                "polarity attribution": "manual"
            },
            "size": {
                "word count": [
                    99,
                    31
                ]
            },
            "summ": [
                [
                    10,
                    64,
                    1
                ],
                [
                    58,
                    18,
                    57
                ]
            ]
        },
        {
            "evaluation": {
                "C": 40.909090909090914,
                "D": 33.98692810457516,
                "H": 38.813758942062634,
                "R": 42.69005847953216
            },
            "parameters": {
                "alpha": 20,
                "aspect detection": "manual",
                "method": "contrastive",
                "optmization": "greedy",
                "polarity attribution": "manual"
            },
            "size": {
                "word count": [
                    100,
                    31
                ]
            },
            "summ": [
                [
                    10,
                    64,
                    2
                ],
                [
                    58,
                    18,
                    57
                ]
            ]
        },
        {
            "evaluation": {
                "C": 40.909090909090914,
                "D": 33.98692810457516,
                "H": 38.813758942062634,
                "R": 42.69005847953216
            },
            "parameters": {
                "alpha": 20,
                "aspect detection": "manual",
                "method": "contrastive",
                "optmization": "greedy",
                "polarity attribution": "manual"
            },
            "size": {
                "word count": [
                    99,
                    31
                ]
            },
            "summ": [
                [
                    10,
                    64,
                    1
                ],
                [
                    58,
                    18,
                    57
                ]
            ]
        },
        {
            "evaluation": {
                "C": 40.909090909090914,
                "D": 33.98692810457516,
                "H": 38.813758942062634,
                "R": 42.69005847953216
            },
            "parameters": {
                "alpha": 20,
                "aspect detection": "manual",
                "method": "contrastive",
                "optmization": "greedy",
                "polarity attribution": "manual"
            },
            "size": {
                "word count": [
                    99,
                    22
                ]
            },
            "summ": [
                [
                    10,
                    64,
                    71
                ],
                [
                    58,
                    18,
                    81
                ]
            ]
        },
        {
            "evaluation": {
                "C": 40.909090909090914,
                "D": 33.98692810457516,
                "H": 38.813758942062634,
                "R": 42.69005847953216
            },
            "parameters": {
                "alpha": 20,
                "aspect detection": "manual",
                "method": "contrastive",
                "optmization": "greedy",
                "polarity attribution": "manual"
            },
            "size": {
                "word count": [
                    100,
                    31
                ]
            },
            "summ": [
                [
                    10,
                    64,
                    61
                ],
                [
                    58,
                    18,
                    57
                ]
            ]
        },
        {
            "evaluation": {
                "C": 40.909090909090914,
                "D": 33.98692810457516,
                "H": 38.813758942062634,
                "R": 42.69005847953216
            },
            "parameters": {
                "alpha": 20,
                "aspect detection": "manual",
                "method": "contrastive",
                "optmization": "greedy",
                "polarity attribution": "manual"
            },
            "size": {
                "word count": [
                    100,
                    31
                ]
            },