{
    "meta": {
        "limits (per side)": {
            "sentences": 20,
            "words": 150
        },
        "run time": 0.89,
        "size": {
            "source": {
                "sentences": [
                    68,
                    52
                ],
                "words": [
                    1108,
                    594
                ]
            }
        },
        "source": [
            [
                [
                    "D2a",
                    "D2b"
                ]
            ]
        ]
    },
    "output": [
        {
            "evaluation": {
                "C": 77.77777777777779,
                "D": 71.51702786377709,
                "H": 79.96234931091243,
                "R": 93.65198531865198
            },
            "parameters": {
                "method": [
                    "alternate",
                    false,
                    0
                ]
            },
            "size": {
                "word count": [
                    149,
                    149
                ]
            },
            "summ": [
                [
                    4,
                    69,
                    62,
                    8,
                    121,
                    67,
                    6
                ],
                [
                    70,
                    8,
                    51,
                    105,
                    97,
                    69,
                    81,
                    13,
                    101,
                    24,
                    30,
                    72,
                    71
                ]
            ]
        },
        {
            "evaluation": {
                "C": 83.33333333333334,
                "D": 71.20743034055728,
                "H": 81.71124027371378,
                "R": 93.71037704371038
            },
            "parameters": {
                "method": [
                    "alternate",
                    false,
                    0
                ]
            },
            "size": {
                "word count": [
                    149,
                    150
                ]
            },
            "summ": [
                [
                    27,
                    137,
                    62,
                    14,
                    106,
                    5,
                    72,
                    24
                ],
                [
                    71,
                    55,
                    20,
                    30,
                    97,
                    43,
                    81,
                    13,
                    101,
                    24,
                    72,
                    26,
                    70,
                    69
                ]
            ]
        },
        {
            "evaluation": {
                "C": 94.44444444444444,
                "D": 80.03095975232199,
                "H": 89.4246813609233,
                "R": 95.56222889556223
            },
            "parameters": {
                "method": [
                    "alternate",
                    false,
                    0
                ]
            },
            "size": {
                "word count": [
                    150,
                    150
                ]
            },
            "summ": [
                [
                    31,
                    111,
                    62,
                    56,
                    5,
                    72,
                    7,
                    6,
                    126,
                    84,
                    122
                ],
                [
                    71,
                    30,
                    81,
                    43,
                    97,
                    61,
                    13,
                    24,
                    101,
                    26,
                    72,
                    36
                ]
            ]
        },
        {
            "evaluation": {
                "C": 72.22222222222221,
                "D": 68.26625386996903,
                "H": 76.31972304156335,
                "R": 92.4758091424758
            },
            "parameters": {
                "method": [
                    "alternate",
                    false,
                    0
                ]
            },
            "size": {
                "word count": [
                    148,
                    150
                ]
            },
            "summ": [
                [
                    28,
                    25,
                    62,
                    56,
                    89,
                    4,
                    24
                ],
                [
                    70,
                    63,
                    97,
                    38,
                    81,
                    43,
                    13,
                    24,
                    101,
                    26,
                    72,
                    71
                ]
            ]
        },
        {
            "evaluation": {
                "C": 77.77777777777779,
                "D": 74.14860681114551,
                "H": 81.20196864450978,
                "R": 94.32766099432766
            },
            "parameters": {
                "method": [
                    "alternate",
                    false,
                    0
                ]
            },
            "size": {
                "word count": [
                    150,
                    149
                ]
            },
            "summ": [
                [
                    4,
                    113,
                    62,
                    56,
                    72,
                    6,
                    43
                ],
                [
                    71,
                    30,
                    41,
                    43,
                    97,
                    61,
                    81,
                    13,
                    101,
                    24,
                    72,
                    70,
                    31
                ]
            ]
        },
        {
            "evaluation": {
                "C": 88.88888888888889,
                "D": 71.20743034055728,
                "H": 83.25143763439813,
                "R": 93.09309309309307
            },
            "parameters": {
                "method": [
                    "alternate",
                    false,
                    0
                ]
            },
            "size": {
                "word count": [
                    150,
                    149
                ]
            },
            "summ": [
                [
                    29,
                    78,
                    62,
                    56,
                    26,
                    5,
                    7
                ],
                [
                    70,
                    110,
                    101,
                    41,
                    97,
                    7,
                    81,
                    45,
                    13,
                    24,
                    30,
                    26,
                    72,
                    36,
                    50,
                    40
                ]
            ]
        },
        {
            "evaluation": {
                "C": 72.22222222222221,
                "D": 68.57585139318886,
                "H": 76.5751037308649,
                "R": 93.03470136803469
            },
            "parameters": {
                "method": [
                    "alternate",
                    false,
                    0
                ]
            },
            "size": {
                "word count": [
                    150,
                    149
                ]
            },