{
    "meta": {
        "limits (per side)": {
            "sentences": 20,
            "words": 150
        },
        "run time": 0.39,
        "size": {
            "source": {
                "sentences": [
                    68,
                    52
                ],
                "words": [
                    1108,
                    594
                ]
            }
        },
        "source": [
            [
                [
                    "D2a",
                    "D2b"
                ]
            ]
        ]
    },
    "output": [
        {
            "evaluation": {
                "C": 66.66666666666666,
                "D": 65.94427244582043,
                "H": 73.18566981725014,
                "R": 92.35902569235901
            },
            "parameters": {
                "method": [
                    "alternate",
                    false,
                    0
                ]
            },
            "size": {
                "word count": [
                    149,
                    149
                ]
            },
            "summ": [
                [
                    28,
                    76,
                    62,
                    8,
                    121,
                    5,
                    72,
                    6
                ],
                [
                    71,
                    100,
                    50,
                    38,
                    97,
                    105,
                    81,
                    69,
                    13,
                    24,
                    101,
                    26,
                    70,
                    52,
                    36
                ]
            ]
        },
        {
            "evaluation": {
                "C": 72.22222222222221,
                "D": 62.69349845201238,
                "H": 73.59480690278512,
                "R": 91.18284951618284
            },
            "parameters": {
                "method": [
                    "alternate",
                    false,
                    0
                ]
            },
            "size": {
                "word count": [
                    150,
                    150
                ]
            },
            "summ": [
                [
                    28,
                    85,
                    62,
                    8,
                    26,
                    5,
                    24
                ],
                [
                    71,
                    88,
                    15,
                    38,
                    97,
                    21,
                    81,
                    47,
                    13,
                    24,
                    101,
                    26,
                    30,
                    70
                ]
            ]
        },
        {
            "evaluation": {
                "C": 77.77777777777779,
                "D": 71.51702786377709,
                "H": 79.96234931091243,
                "R": 93.65198531865198
            },
            "parameters": {
                "method": [
                    "alternate",
                    false,
                    0
                ]
            },
            "size": {
                "word count": [
                    150,
                    149
                ]
            },
            "summ": [
                [
                    29,
                    121,
                    62,
                    61,
                    4,
                    67,
                    126
                ],
                [
                    70,
                    98,
                    63,
                    41,
                    97,
                    21,
                    81,
                    13,
                    101,
                    24,
                    30,
                    55
                ]
            ]
        },
        {
            "evaluation": {
                "C": 66.66666666666666,
                "D": 66.25386996904024,
                "H": 73.30013376957375,
                "R": 92.30063396730063
            },
            "parameters": {
                "method": [
                    "alternate",
                    false,
                    0
                ]
            },
            "size": {
                "word count": [
                    149,
                    150
                ]
            },
            "summ": [
                [
                    84,
                    25,
                    62,
                    95,
                    4,
                    67,
                    6
                ],
                [
                    70,
                    104,
                    38,
                    105,
                    97,
                    69,
                    81,
                    13,
                    101,
                    24,
                    41
                ]
            ]
        },
        {
            "evaluation": {
                "C": 88.88888888888889,
                "D": 74.45820433436532,
                "H": 85.01409930640379,
                "R": 94.26926926926927
            },
            "parameters": {
                "method": [
                    "alternate",
                    false,
                    0
                ]
            },
            "size": {
                "word count": [
                    150,
                    150
                ]
            },
            "summ": [
                [
                    28,
                    25,
                    62,
                    57,
                    89,
                    5,
                    7,
                    72,
                    126,
                    122
                ],
                [
                    71,
                    61,
                    38,
                    65,
                    97,
                    81,
                    13,
                    24,
                    101,
                    26,
                    30,
                    70
                ]
            ]
        },
        {
            "evaluation": {
                "C": 72.22222222222221,
                "D": 65.63467492260061,
                "H": 75.18330806147712,
                "R": 92.41741741741741
            },
            "parameters": {
                "method": [
                    "alternate",
                    false,
                    0
                ]
            },
            "size": {
                "word count": [
                    150,
                    150
                ]
            },
            "summ": [
                [
                    29,
                    85,
                    62,
                    8,
                    113,
                    5,
                    67,
                    24,
                    57
                ],
                [
                    70,
                    35,
                    38,
                    36,
                    97,
                    55,
                    81,
                    13,
                    101,
                    24,
                    30,
                    26,
                    71
                ]
            ]
        },
        {
            "evaluation": {
                "C": 72.22222222222221,
                "D": 68.57585139318886,
                "H": 76.5751037308649,
                "R": 93.03470136803469
            },
            "parameters": {
                "method": [
                    "alternate",
                    false,
                    0
                ]
            },
            "size": {
                "word count": [
                    149,
                    150
                ]
            },