{
    "meta": {
        "limits (per side)": {
            "sentences": 20,
            "words": 150
        },
        "run time": 0.3,
        "size": {
            "source": {
                "sentences": [
                    68,
                    52
                ],
                "words": [
                    1108,
                    594
                ]
            }
        },
        "source": [
            [
                [
                    "D2a",
                    "D2b"
                ]
            ]
        ]
    },
    "output": [
        {
            "evaluation": {
                "C": 88.88888888888889,
                "D": 71.20743034055728,
                "H": 83.25143763439813,
                "R": 93.09309309309307
            },
            "parameters": {
                "method": [
                    "contrastive+representative",
                    false,
                    null
                ]
            },
            "size": {
                "word count": [
                    148,
                    149
                ]
            },
            "summ": [
                [
                    29,
                    76,
                    62,
                    84,
                    95,
                    5,
                    7,
                    24
                ],
                [
                    71,
                    4,
                    23,
                    36,
                    97,
                    55,
                    81,
                    13,
                    101,
                    24,
                    30,
                    26,
                    72
                ]
            ]
        },
        {
            "evaluation": {
                "C": 88.88888888888889,
                "D": 77.39938080495355,
                "H": 86.4331599393385,
                "R": 94.88655321988655
            },
            "parameters": {
                "method": [
                    "contrastive+representative",
                    false,
                    null
                ]
            },
            "size": {
                "word count": [
                    149,
                    150
                ]
            },
            "summ": [
                [
                    31,
                    54,
                    62,
                    84,
                    5,
                    72,
                    7,
                    6,
                    126
                ],
                [
                    71,
                    98,
                    50,
                    51,
                    97,
                    43,
                    81,
                    61,
                    13,
                    24,
                    101,
                    26,
                    72
                ]
            ]
        },
        {
            "evaluation": {
                "C": 77.77777777777779,
                "D": 71.51702786377709,
                "H": 79.96234931091243,
                "R": 93.65198531865198
            },
            "parameters": {
                "method": [
                    "contrastive+representative",
                    false,
                    null
                ]
            },
            "size": {
                "word count": [
                    150,
                    150
                ]
            },
            "summ": [
                [
                    4,
                    21,
                    62,
                    57,
                    113,
                    72,
                    126
                ],
                [
                    71,
                    61,
                    50,
                    23,
                    97,
                    43,
                    81,
                    13,
                    101,
                    24,
                    30,
                    26,
                    45
                ]
            ]
        },
        {
            "evaluation": {
                "C": 83.33333333333334,
                "D": 77.08978328173374,
                "H": 84.49679038858916,
                "R": 94.94494494494494
            },
            "parameters": {
                "method": [
                    "contrastive+representative",
                    false,
                    null
                ]
            },
            "size": {
                "word count": [
                    149,
                    150
                ]
            },
            "summ": [
                [
                    28,
                    43,
                    62,
                    122,
                    89,
                    4,
                    67,
                    6,
                    126,
                    24
                ],
                [
                    70,
                    28,
                    51,
                    21,
                    97,
                    47,
                    81,
                    13,
                    101,
                    24,
                    30,
                    26,
                    72,
                    71,
                    7
                ]
            ]
        },
        {
            "evaluation": {
                "C": 72.22222222222221,
                "D": 71.20743034055728,
                "H": 77.79919784408882,
                "R": 93.71037704371037
            },
            "parameters": {
                "method": [
                    "contrastive+representative",
                    false,
                    null
                ]
            },
            "size": {
                "word count": [
                    149,
                    150
                ]
            },
            "summ": [
                [
                    77,
                    108,
                    62,
                    33,
                    5,
                    67,
                    6
                ],
                [
                    70,
                    96,
                    79,
                    52,
                    97,
                    65,
                    81,
                    63,
                    13,
                    24,
                    101,
                    26,
                    72,
                    51
                ]
            ]
        },
        {
            "evaluation": {
                "C": 77.77777777777779,
                "D": 76.78018575851394,
                "H": 82.40109655275361,
                "R": 95.00333667000334
            },
            "parameters": {
                "method": [
                    "contrastive+representative",
                    false,
                    null
                ]
            },
            "size": {
                "word count": [
                    150,
                    149
                ]
            },
            "summ": [
                [
                    4,
                    104,
                    62,
                    57,
                    31,
                    67,
                    6,
                    24
                ],
                [
                    70,
                    26,
                    23,
                    7,
                    97,
                    45,
                    81,
                    13,
                    101,
                    24,
                    30,
                    31,
                    72,
                    36,
                    69
                ]
            ]
        },
        {
            "evaluation": {
                "C": 83.33333333333334,
                "D": 68.26625386996903,
                "H": 80.08079639660119,
                "R": 92.47580914247581
            },