{
    "meta": {
        "limits (per side)": {
            "sentences": 20,
            "words": 150
        },
        "run time": 0.3,
        "size": {
            "source": {
                "sentences": [
                    68,
                    52
                ],
                "words": [
                    1108,
                    594
                ]
            }
        },
        "source": [
            [
                [
                    "D2a",
                    "D2b"
                ]
            ]
        ]
    },
    "output": [
        {
            "evaluation": {
                "C": 72.22222222222221,
                "D": 65.63467492260061,
                "H": 75.04646642193097,
                "R": 91.80013346680012
            },
            "parameters": {
                "method": [
                    "contrastive+representative",
                    false,
                    null
                ]
            },
            "size": {
                "word count": [
                    149,
                    150
                ]
            },
            "summ": [
                [
                    28,
                    133,
                    62,
                    24,
                    33,
                    4,
                    57
                ],
                [
                    70,
                    4,
                    15,
                    38,
                    97,
                    21,
                    81,
                    47,
                    13,
                    24,
                    101,
                    26,
                    30,
                    36,
                    50,
                    45,
                    7
                ]
            ]
        },
        {
            "evaluation": {
                "C": 88.88888888888889,
                "D": 71.20743034055728,
                "H": 83.25143763439813,
                "R": 93.09309309309309
            },
            "parameters": {
                "method": [
                    "contrastive+representative",
                    false,
                    null
                ]
            },
            "size": {
                "word count": [
                    148,
                    150
                ]
            },
            "summ": [
                [
                    28,
                    78,
                    62,
                    84,
                    113,
                    5,
                    7,
                    24
                ],
                [
                    71,
                    30,
                    50,
                    21,
                    97,
                    47,
                    81,
                    13,
                    101,
                    24,
                    72,
                    26,
                    70,
                    23,
                    36
                ]
            ]
        },
        {
            "evaluation": {
                "C": 72.22222222222221,
                "D": 68.57585139318886,
                "H": 76.5751037308649,
                "R": 93.03470136803469
            },
            "parameters": {
                "method": [
                    "contrastive+representative",
                    false,
                    null
                ]
            },
            "size": {
                "word count": [
                    150,
                    150
                ]
            },
            "summ": [
                [
                    31,
                    21,
                    62,
                    8,
                    4,
                    67
                ],
                [
                    70,
                    98,
                    63,
                    51,
                    97,
                    43,
                    81,
                    13,
                    101,
                    24,
                    30,
                    45,
                    21,
                    40
                ]
            ]
        },
        {
            "evaluation": {
                "C": 72.22222222222221,
                "D": 68.26625386996903,
                "H": 76.31972304156335,
                "R": 92.4758091424758
            },
            "parameters": {
                "method": [
                    "contrastive+representative",
                    false,
                    null
                ]
            },
            "size": {
                "word count": [
                    150,
                    150
                ]
            },
            "summ": [
                [
                    29,
                    32,
                    62,
                    57,
                    95,
                    4,
                    43
                ],
                [
                    70,
                    63,
                    97,
                    41,
                    81,
                    36,
                    13,
                    24,
                    101,
                    26,
                    30,
                    45,
                    7
                ]
            ]
        },
        {
            "evaluation": {
                "C": 61.111111111111114,
                "D": 60.06191950464396,
                "H": 67.24058997188328,
                "R": 86.18618618618618
            },
            "parameters": {
                "method": [
                    "contrastive+representative",
                    false,
                    null
                ]
            },
            "size": {
                "word count": [
                    150,
                    150
                ]
            },
            "summ": [
                [
                    4,
                    76,
                    62,
                    8,
                    43
                ],
                [
                    70,
                    104,
                    15,
                    23,
                    97,
                    7,
                    81,
                    45,
                    13,
                    24,
                    101,
                    26,
                    51
                ]
            ]
        },
        {
            "evaluation": {
                "C": 77.77777777777779,
                "D": 71.20743034055728,
                "H": 79.84712383909066,
                "R": 93.71037704371038
            },
            "parameters": {
                "method": [
                    "contrastive+representative",
                    false,
                    null
                ]
            },
            "size": {
                "word count": [
                    149,
                    150
                ]
            },
            "summ": [
                [
                    31,
                    102,
                    62,
                    14,
                    4,
                    67,
                    57
                ],
                [
                    70,
                    110,
                    63,
                    51,
                    97,
                    36,
                    81,
                    13,
                    101,
                    24,
                    30,
                    72,
                    45,
                    7,
                    21
                ]
            ]
        },
        {
            "evaluation": {
                "C": 72.22222222222221,
                "D": 65.63467492260061,
                "H": 75.18330806147712,
                "R": 92.4174174174174
            },
            "parameters": {
                "method": [
                    "contrastive+representative",
                    false,
                    null
                ]
            },