{
    "meta": {
        "limits (per side)": {
            "sentences": 20,
            "words": 150
        },
        "run time": 0.45,
        "size": {
            "source": {
                "sentences": [
                    68,
                    52
                ],
                "words": [
                    1108,
                    594
                ]
            }
        },
        "source": [
            [
                [
                    "D2a",
                    "D2b"
                ]
            ]
        ]
    },
    "output": [
        {
            "evaluation": {
                "C": 88.88888888888889,
                "D": 74.14860681114551,
                "H": 84.89499025342099,
                "R": 94.32766099432764
            },
            "parameters": {
                "method": [
                    "contrastive+representative",
                    false,
                    null
                ]
            },
            "size": {
                "word count": [
                    150,
                    150
                ]
            },
            "summ": [
                [
                    84,
                    76,
                    62,
                    33,
                    5,
                    67,
                    7
                ],
                [
                    70,
                    69,
                    81,
                    105,
                    97,
                    13,
                    101,
                    24,
                    30,
                    26,
                    72,
                    45
                ]
            ]
        },
        {
            "evaluation": {
                "C": 72.22222222222221,
                "D": 68.88544891640868,
                "H": 76.69018312302424,
                "R": 92.9763096429763
            },
            "parameters": {
                "method": [
                    "contrastive+representative",
                    false,
                    null
                ]
            },
            "size": {
                "word count": [
                    149,
                    149
                ]
            },
            "summ": [
                [
                    84,
                    133,
                    62,
                    33,
                    4,
                    67,
                    6
                ],
                [
                    70,
                    84,
                    101,
                    105,
                    97,
                    69,
                    81,
                    13,
                    30,
                    24,
                    79,
                    36,
                    45
                ]
            ]
        },
        {
            "evaluation": {
                "C": 83.33333333333334,
                "D": 74.45820433436532,
                "H": 83.24485276154945,
                "R": 94.26926926926927
            },
            "parameters": {
                "method": [
                    "contrastive+representative",
                    false,
                    null
                ]
            },
            "size": {
                "word count": [
                    150,
                    149
                ]
            },
            "summ": [
                [
                    28,
                    113,
                    62,
                    122,
                    5,
                    72,
                    7,
                    6,
                    24
                ],
                [
                    71,
                    8,
                    41,
                    65,
                    97,
                    63,
                    81,
                    13,
                    101,
                    24,
                    30,
                    70,
                    21,
                    45
                ]
            ]
        },
        {
            "evaluation": {
                "C": 83.33333333333334,
                "D": 65.94427244582043,
                "H": 78.81362809271056,
                "R": 91.74174174174172
            },
            "parameters": {
                "method": [
                    "contrastive+representative",
                    false,
                    null
                ]
            },
            "size": {
                "word count": [
                    150,
                    149
                ]
            },
            "summ": [
                [
                    27,
                    21,
                    62,
                    14,
                    31,
                    5,
                    7,
                    43
                ],
                [
                    70,
                    104,
                    38,
                    21,
                    97,
                    47,
                    81,
                    13,
                    101,
                    24,
                    30,
                    7,
                    45
                ]
            ]
        },
        {
            "evaluation": {
                "C": 88.88888888888889,
                "D": 74.45820433436532,
                "H": 85.01409930640378,
                "R": 94.26926926926924
            },
            "parameters": {
                "method": [
                    "contrastive+representative",
                    false,
                    null
                ]
            },
            "size": {
                "word count": [
                    149,
                    149
                ]
            },
            "summ": [
                [
                    84,
                    89,
                    62,
                    5,
                    7,
                    72,
                    106,
                    122
                ],
                [
                    71,
                    110,
                    79,
                    105,
                    97,
                    63,
                    81,
                    13,
                    101,
                    24,
                    72,
                    36
                ]
            ]
        },
        {
            "evaluation": {
                "C": 77.77777777777779,
                "D": 65.63467492260061,
                "H": 76.95026154924334,
                "R": 91.80013346680013
            },
            "parameters": {
                "method": [
                    "contrastive+representative",
                    false,
                    null
                ]
            },
            "size": {
                "word count": [
                    149,
                    150
                ]
            },
            "summ": [
                [
                    28,
                    18,
                    62,
                    61,
                    106,
                    5
                ],
                [
                    71,
                    49,
                    41,
                    65,
                    97,
                    63,
                    81,
                    13,
                    101,
                    24,
                    30
                ]
            ]
        },
        {
            "evaluation": {
                "C": 88.88888888888889,
                "D": 80.03095975232199,
                "H": 87.69481066228765,
                "R": 95.56222889556221
            },
            "parameters": {
                "method": [
                    "contrastive+representative",
                    false,
                    null
                ]
            },
            "size": {
                "word count": [
                    149,
                    150
                ]
            },