{
    "meta": {
        "limits (per side)": {
            "sentences": 20,
            "words": 150
        },
        "run time": 0.28,
        "size": {
            "source": {
                "sentences": [
                    68,
                    52
                ],
                "words": [
                    1108,
                    594
                ]
            }
        },
        "source": [
            [
                [
                    "D2a",
                    "D2b"
                ]
            ]
        ]
    },
    "output": [
        {
            "evaluation": {
                "C": 77.77777777777779,
                "D": 68.26625386996903,
                "H": 78.43628498153508,
                "R": 93.09309309309307
            },
            "parameters": {
                "method": [
                    "contrastive+representative",
                    false,
                    null
                ]
            },
            "size": {
                "word count": [
                    150,
                    150
                ]
            },
            "summ": [
                [
                    28,
                    104,
                    62,
                    108,
                    33,
                    5,
                    67,
                    24
                ],
                [
                    70,
                    57,
                    51,
                    65,
                    97,
                    63,
                    81,
                    13,
                    101,
                    24,
                    30,
                    72,
                    36,
                    45,
                    50,
                    7
                ]
            ]
        },
        {
            "evaluation": {
                "C": 77.77777777777779,
                "D": 68.26625386996903,
                "H": 78.28951449090547,
                "R": 92.4758091424758
            },
            "parameters": {
                "method": [
                    "contrastive+representative",
                    false,
                    null
                ]
            },
            "size": {
                "word count": [
                    150,
                    149
                ]
            },
            "summ": [
                [
                    27,
                    117,
                    62,
                    24,
                    33,
                    4,
                    57
                ],
                [
                    70,
                    96,
                    20,
                    30,
                    97,
                    21,
                    81,
                    47,
                    13,
                    24,
                    101,
                    26,
                    72,
                    71
                ]
            ]
        },
        {
            "evaluation": {
                "C": 94.44444444444444,
                "D": 77.39938080495355,
                "H": 88.11313719221155,
                "R": 94.88655321988655
            },
            "parameters": {
                "method": [
                    "contrastive+representative",
                    false,
                    null
                ]
            },
            "size": {
                "word count": [
                    149,
                    150
                ]
            },
            "summ": [
                [
                    84,
                    76,
                    62,
                    121,
                    5,
                    72,
                    7,
                    6,
                    126
                ],
                [
                    71,
                    88,
                    50,
                    105,
                    97,
                    69,
                    81,
                    13,
                    101,
                    24,
                    30,
                    72,
                    70,
                    36,
                    45,
                    40
                ]
            ]
        },
        {
            "evaluation": {
                "C": 77.77777777777779,
                "D": 71.82662538699691,
                "H": 80.0767698579515,
                "R": 93.59359359359357
            },
            "parameters": {
                "method": [
                    "contrastive+representative",
                    false,
                    null
                ]
            },
            "size": {
                "word count": [
                    150,
                    149
                ]
            },
            "summ": [
                [
                    84,
                    54,
                    62,
                    89,
                    4,
                    67,
                    6,
                    126,
                    24
                ],
                [
                    70,
                    84,
                    50,
                    105,
                    97,
                    55,
                    81,
                    13,
                    101,
                    24,
                    30,
                    36
                ]
            ]
        },
        {
            "evaluation": {
                "C": 61.111111111111114,
                "D": 57.12074303405573,
                "H": 66.56008771993444,
                "R": 89.2726059392726
            },
            "parameters": {
                "method": [
                    "contrastive+representative",
                    false,
                    null
                ]
            },
            "size": {
                "word count": [
                    149,
                    150
                ]
            },
            "summ": [
                [
                    29,
                    103,
                    62,
                    61,
                    95,
                    57
                ],
                [
                    71,
                    4,
                    15,
                    41,
                    97,
                    105,
                    81,
                    69,
                    13,
                    24,
                    101,
                    26,
                    70,
                    52,
                    21
                ]
            ]
        },
        {
            "evaluation": {
                "C": 83.33333333333334,
                "D": 74.45820433436532,
                "H": 83.24485276154945,
                "R": 94.26926926926927
            },
            "parameters": {
                "method": [
                    "contrastive+representative",
                    false,
                    null
                ]
            },
            "size": {
                "word count": [
                    150,
                    150
                ]
            },
            "summ": [
                [
                    27,
                    108,
                    62,
                    121,
                    5,
                    72,
                    7,
                    6,
                    122
                ],
                [
                    71,
                    35,
                    23,
                    21,
                    97,
                    47,
                    81,
                    13,
                    101,
                    24,
                    30,
                    26,
                    70,
                    36
                ]
            ]
        },
        {
            "evaluation": {
                "C": 88.88888888888889,
                "D": 74.45820433436532,
                "H": 85.01409930640378,
                "R": 94.26926926926926
            },