{
    "meta": {
        "limits (per side)": {
            "sentences": 20,
            "words": 150
        },
        "run time": 0.77,
        "size": {
            "source": {
                "sentences": [
                    68,
                    52
                ],
                "words": [
                    1108,
                    594
                ]
            }
        },
        "source": [
            [
                [
                    "D2a",
                    "D2b"
                ]
            ]
        ]
    },
    "output": [
        {
            "evaluation": {
                "C": 88.88888888888889,
                "D": 77.39938080495355,
                "H": 86.4331599393385,
                "R": 94.88655321988655
            },
            "parameters": {
                "method": [
                    "contrastive+representative",
                    false,
                    null
                ]
            },
            "size": {
                "word count": [
                    150,
                    149
                ]
            },
            "summ": [
                [
                    84,
                    133,
                    62,
                    31,
                    5,
                    72,
                    7,
                    6,
                    126,
                    21
                ],
                [
                    71,
                    69,
                    41,
                    43,
                    97,
                    61,
                    81,
                    13,
                    101,
                    24,
                    30,
                    26
                ]
            ]
        },
        {
            "evaluation": {
                "C": 83.33333333333334,
                "D": 71.51702786377709,
                "H": 81.83191273692678,
                "R": 93.65198531865198
            },
            "parameters": {
                "method": [
                    "contrastive+representative",
                    false,
                    null
                ]
            },
            "size": {
                "word count": [
                    150,
                    149
                ]
            },
            "summ": [
                [
                    84,
                    103,
                    62,
                    121,
                    5,
                    67,
                    6,
                    126,
                    21
                ],
                [
                    70,
                    53,
                    40,
                    105,
                    97,
                    55,
                    81,
                    13,
                    101,
                    24,
                    30,
                    72,
                    7,
                    45
                ]
            ]
        },
        {
            "evaluation": {
                "C": 94.44444444444444,
                "D": 77.39938080495355,
                "H": 88.11313719221155,
                "R": 94.88655321988655
            },
            "parameters": {
                "method": [
                    "contrastive+representative",
                    false,
                    null
                ]
            },
            "size": {
                "word count": [
                    149,
                    149
                ]
            },
            "summ": [
                [
                    29,
                    61,
                    62,
                    121,
                    5,
                    72,
                    7,
                    6,
                    126
                ],
                [
                    71,
                    22,
                    41,
                    43,
                    97,
                    61,
                    81,
                    13,
                    101,
                    24,
                    30,
                    72,
                    70
                ]
            ]
        },
        {
            "evaluation": {
                "C": 72.22222222222221,
                "D": 65.63467492260061,
                "H": 75.18330806147712,
                "R": 92.41741741741741
            },
            "parameters": {
                "method": [
                    "contrastive+representative",
                    false,
                    null
                ]
            },
            "size": {
                "word count": [
                    150,
                    150
                ]
            },
            "summ": [
                [
                    77,
                    108,
                    62,
                    113,
                    5,
                    72,
                    24
                ],
                [
                    71,
                    35,
                    81,
                    52,
                    97,
                    65,
                    13,
                    63,
                    101,
                    24,
                    30,
                    70,
                    21,
                    45
                ]
            ]
        },
        {
            "evaluation": {
                "C": 72.22222222222221,
                "D": 71.51702786377709,
                "H": 77.9085844395046,
                "R": 93.65198531865198
            },
            "parameters": {
                "method": [
                    "contrastive+representative",
                    false,
                    null
                ]
            },
            "size": {
                "word count": [
                    149,
                    149
                ]
            },
            "summ": [
                [
                    31,
                    54,
                    62,
                    24,
                    4,
                    67,
                    6,
                    57
                ],
                [
                    70,
                    84,
                    63,
                    51,
                    97,
                    65,
                    81,
                    13,
                    101,
                    24,
                    72,
                    71
                ]
            ]
        },
        {
            "evaluation": {
                "C": 77.77777777777779,
                "D": 71.20743034055728,
                "H": 79.84712383909066,
                "R": 93.71037704371037
            },
            "parameters": {
                "method": [
                    "contrastive+representative",
                    false,
                    null
                ]
            },
            "size": {
                "word count": [
                    149,
                    150
                ]
            },
            "summ": [
                [
                    77,
                    100,
                    62,
                    84,
                    106,
                    5,
                    72
                ],
                [
                    71,
                    60,
                    20,
                    52,
                    97,
                    65,
                    81,
                    63,
                    13,
                    24,
                    101,
                    26,
                    72,
                    70
                ]
            ]
        },
        {
            "evaluation": {
                "C": 66.66666666666666,
                "D": 65.63467492260061,
                "H": 72.94109285436406,
                "R": 91.80013346680013
            },