{
    "meta": {
        "limits (per side)": {
            "sentences": 20,
            "words": 150
        },
        "run time": 0.32,
        "size": {
            "source": {
                "sentences": [
                    68,
                    52
                ],
                "words": [
                    1108,
                    594
                ]
            }
        },
        "source": [
            [
                [
                    "D2a",
                    "D2b"
                ]
            ]
        ]
    },
    "output": [
        {
            "evaluation": {
                "C": 88.88888888888889,
                "D": 71.20743034055728,
                "H": 83.25143763439813,
                "R": 93.09309309309307
            },
            "parameters": {
                "method": [
                    "alternate",
                    false,
                    0
                ]
            },
            "size": {
                "word count": [
                    150,
                    150
                ]
            },
            "summ": [
                [
                    29,
                    69,
                    62,
                    61,
                    31,
                    5,
                    7,
                    24
                ],
                [
                    70,
                    15,
                    97,
                    41,
                    81,
                    36,
                    13,
                    55,
                    101,
                    24,
                    30,
                    26,
                    72,
                    40,
                    7,
                    45
                ]
            ]
        },
        {
            "evaluation": {
                "C": 83.33333333333334,
                "D": 71.51702786377709,
                "H": 81.83191273692678,
                "R": 93.65198531865198
            },
            "parameters": {
                "method": [
                    "alternate",
                    false,
                    0
                ]
            },
            "size": {
                "word count": [
                    150,
                    150
                ]
            },
            "summ": [
                [
                    27,
                    111,
                    62,
                    56,
                    33,
                    5,
                    7,
                    67,
                    24
                ],
                [
                    70,
                    60,
                    20,
                    30,
                    97,
                    105,
                    81,
                    69,
                    13,
                    24,
                    101,
                    26,
                    51
                ]
            ]
        },
        {
            "evaluation": {
                "C": 77.77777777777779,
                "D": 71.51702786377709,
                "H": 79.96234931091243,
                "R": 93.65198531865197
            },
            "parameters": {
                "method": [
                    "alternate",
                    false,
                    0
                ]
            },
            "size": {
                "word count": [
                    150,
                    149
                ]
            },
            "summ": [
                [
                    29,
                    89,
                    62,
                    61,
                    4,
                    67,
                    126
                ],
                [
                    70,
                    84,
                    15,
                    41,
                    97,
                    36,
                    81,
                    55,
                    13,
                    24,
                    101,
                    26,
                    72,
                    7
                ]
            ]
        },
        {
            "evaluation": {
                "C": 72.22222222222221,
                "D": 68.26625386996903,
                "H": 76.45919427228253,
                "R": 93.09309309309307
            },
            "parameters": {
                "method": [
                    "alternate",
                    false,
                    0
                ]
            },
            "size": {
                "word count": [
                    149,
                    150
                ]
            },
            "summ": [
                [
                    77,
                    25,
                    62,
                    56,
                    33,
                    5,
                    67,
                    24
                ],
                [
                    70,
                    28,
                    79,
                    52,
                    97,
                    65,
                    81,
                    63,
                    13,
                    24,
                    101,
                    26,
                    72,
                    51,
                    7
                ]
            ]
        },
        {
            "evaluation": {
                "C": 88.88888888888889,
                "D": 77.39938080495355,
                "H": 86.4331599393385,
                "R": 94.88655321988655
            },
            "parameters": {
                "method": [
                    "alternate",
                    false,
                    0
                ]
            },
            "size": {
                "word count": [
                    150,
                    150
                ]
            },
            "summ": [
                [
                    84,
                    18,
                    62,
                    95,
                    5,
                    72,
                    7,
                    6,
                    126,
                    21,
                    24
                ],
                [
                    71,
                    26,
                    101,
                    105,
                    97,
                    69,
                    81,
                    13,
                    30,
                    24,
                    70,
                    36,
                    50
                ]
            ]
        },
        {
            "evaluation": {
                "C": 72.22222222222221,
                "D": 68.57585139318886,
                "H": 76.5751037308649,
                "R": 93.03470136803469
            },
            "parameters": {
                "method": [
                    "alternate",
                    false,
                    0
                ]
            },
            "size": {
                "word count": [
                    150,
                    150
                ]
            },
            "summ": [
                [
                    29,
                    69,
                    62,
                    24,
                    31,
                    4,
                    67,
                    43
                ],
                [
                    70,
                    35,
                    40,
                    41,
                    97,
                    36,
                    81,
                    55,
                    13,
                    24,
                    101,
                    26,
                    30,
                    71
                ]
            ]
        },
        {
            "evaluation": {
                "C": 83.33333333333334,
                "D": 71.51702786377709,
                "H": 81.67407577766078,
                "R": 93.0347013680347
            },