{
    "meta": {
        "limits (per side)": {
            "sentences": 20,
            "words": 150
        },
        "run time": 0.42,
        "size": {
            "source": {
                "sentences": [
                    68,
                    52
                ],
                "words": [
                    1108,
                    594
                ]
            }
        },
        "source": [
            [
                [
                    "D2a",
                    "D2b"
                ]
            ]
        ]
    },
    "output": [
        {
            "evaluation": {
                "C": 100.0,
                "D": 71.82662538699691,
                "H": 85.51056103017099,
                "R": 89.59793126459792
            },
            "parameters": {
                "method": [
                    "selection",
                    false,
                    0
                ]
            },
            "size": {
                "word count": [
                    149,
                    149
                ]
            },
            "summ": [
                [
                    84,
                    62,
                    95,
                    5,
                    7,
                    106,
                    126
                ],
                [
                    71,
                    63,
                    97,
                    81,
                    13,
                    101,
                    30,
                    72,
                    70,
                    51,
                    40,
                    79,
                    38,
                    50
                ]
            ]
        },
        {
            "evaluation": {
                "C": 83.33333333333334,
                "D": 63.0030959752322,
                "H": 75.09689036355745,
                "R": 82.80780780780779
            },
            "parameters": {
                "method": [
                    "selection",
                    false,
                    0
                ]
            },
            "size": {
                "word count": [
                    147,
                    148
                ]
            },
            "summ": [
                [
                    27,
                    62,
                    113,
                    4,
                    126
                ],
                [
                    70,
                    20,
                    97,
                    81,
                    13,
                    101,
                    30,
                    72,
                    71,
                    63,
                    51,
                    23,
                    40,
                    50
                ]
            ]
        },
        {
            "evaluation": {
                "C": 94.44444444444444,
                "D": 65.94427244582043,
                "H": 79.4926127225233,
                "R": 83.42509175842508
            },
            "parameters": {
                "method": [
                    "selection",
                    false,
                    0
                ]
            },
            "size": {
                "word count": [
                    145,
                    149
                ]
            },
            "summ": [
                [
                    29,
                    62,
                    121,
                    5,
                    7,
                    106
                ],
                [
                    71,
                    51,
                    97,
                    81,
                    13,
                    101,
                    30,
                    72,
                    70,
                    63,
                    79,
                    38,
                    40,
                    50
                ]
            ]
        },
        {
            "evaluation": {
                "C": 100.0,
                "D": 68.88544891640868,
                "H": 82.38224578039915,
                "R": 84.04237570904237
            },
            "parameters": {
                "method": [
                    "selection",
                    false,
                    0
                ]
            },
            "size": {
                "word count": [
                    144,
                    149
                ]
            },
            "summ": [
                [
                    29,
                    62,
                    106,
                    5,
                    7,
                    126
                ],
                [
                    71,
                    79,
                    97,
                    81,
                    13,
                    101,
                    30,
                    72,
                    70,
                    63,
                    41,
                    38,
                    50
                ]
            ]
        },
        {
            "evaluation": {
                "C": 94.44444444444444,
                "D": 65.94427244582043,
                "H": 79.4926127225233,
                "R": 83.42509175842508
            },
            "parameters": {
                "method": [
                    "selection",
                    false,
                    0
                ]
            },
            "size": {
                "word count": [
                    147,
                    149
                ]
            },
            "summ": [
                [
                    77,
                    62,
                    31,
                    5,
                    7,
                    126,
                    21
                ],
                [
                    71,
                    101,
                    97,
                    81,
                    13,
                    30,
                    72,
                    70,
                    63,
                    20,
                    23,
                    51,
                    50,
                    79
                ]
            ]
        },
        {
            "evaluation": {
                "C": 100.0,
                "D": 68.88544891640868,
                "H": 82.38224578039913,
                "R": 84.04237570904236
            },
            "parameters": {
                "method": [
                    "selection",
                    false,
                    0
                ]
            },
            "size": {
                "word count": [
                    144,
                    148
                ]
            },
            "summ": [
                [
                    29,
                    62,
                    106,
                    5,
                    7,
                    126
                ],
                [
                    71,
                    63,
                    97,
                    81,
                    13,
                    101,
                    30,
                    72,
                    70,
                    50,
                    41,
                    38,
                    40
                ]
            ]
        },
        {
            "evaluation": {
                "C": 94.44444444444444,
                "D": 65.94427244582043,
                "H": 73.1454495223122,
                "R": 65.52385719052384
            },
            "parameters": {
                "method": [
                    "selection",
                    false,
                    0
                ]
            },
            "size": {
                "word count": [
                    145,
                    146
                ]
            },