{
    "meta": {
        "limits (per side)": {
            "sentences": 20,
            "words": 150
        },
        "run time": 0.31,
        "size": {
            "source": {
                "sentences": [
                    68,
                    52
                ],
                "words": [
                    1108,
                    594
                ]
            }
        },
        "source": [
            [
                [
                    "D2a",
                    "D2b"
                ]
            ]
        ]
    },
    "output": [
        {
            "evaluation": {
                "C": 66.66666666666666,
                "D": 65.94427244582043,
                "H": 73.18566981725016,
                "R": 92.35902569235904
            },
            "parameters": {
                "method": [
                    "contrastive+representative",
                    false,
                    null
                ]
            },
            "size": {
                "word count": [
                    150,
                    149
                ]
            },
            "summ": [
                [
                    28,
                    100,
                    62,
                    8,
                    113,
                    5,
                    67,
                    6,
                    24
                ],
                [
                    70,
                    35,
                    63,
                    38,
                    97,
                    105,
                    81,
                    13,
                    101,
                    24,
                    71
                ]
            ]
        },
        {
            "evaluation": {
                "C": 83.33333333333334,
                "D": 68.57585139318886,
                "H": 80.20776176279904,
                "R": 92.4174174174174
            },
            "parameters": {
                "method": [
                    "contrastive+representative",
                    false,
                    null
                ]
            },
            "size": {
                "word count": [
                    150,
                    149
                ]
            },
            "summ": [
                [
                    28,
                    102,
                    62,
                    57,
                    113,
                    5,
                    7,
                    122,
                    24
                ],
                [
                    71,
                    60,
                    20,
                    38,
                    97,
                    21,
                    81,
                    47,
                    13,
                    24,
                    101,
                    26,
                    30,
                    70,
                    36,
                    79
                ]
            ]
        },
        {
            "evaluation": {
                "C": 94.44444444444444,
                "D": 77.39938080495355,
                "H": 88.11313719221155,
                "R": 94.88655321988654
            },
            "parameters": {
                "method": [
                    "contrastive+representative",
                    false,
                    null
                ]
            },
            "size": {
                "word count": [
                    150,
                    149
                ]
            },
            "summ": [
                [
                    84,
                    106,
                    62,
                    5,
                    7,
                    72,
                    126,
                    122,
                    24
                ],
                [
                    71,
                    30,
                    81,
                    105,
                    97,
                    69,
                    13,
                    24,
                    101,
                    26,
                    70,
                    52
                ]
            ]
        },
        {
            "evaluation": {
                "C": 77.77777777777779,
                "D": 77.08978328173374,
                "H": 82.50496057160692,
                "R": 94.94494494494494
            },
            "parameters": {
                "method": [
                    "contrastive+representative",
                    false,
                    null
                ]
            },
            "size": {
                "word count": [
                    150,
                    149
                ]
            },
            "summ": [
                [
                    29,
                    102,
                    62,
                    24,
                    121,
                    4,
                    67,
                    6,
                    126
                ],
                [
                    70,
                    100,
                    40,
                    41,
                    97,
                    36,
                    81,
                    55,
                    13,
                    24,
                    101,
                    26,
                    30,
                    31,
                    7
                ]
            ]
        },
        {
            "evaluation": {
                "C": 88.88888888888889,
                "D": 77.39938080495355,
                "H": 86.4331599393385,
                "R": 94.88655321988657
            },
            "parameters": {
                "method": [
                    "contrastive+representative",
                    false,
                    null
                ]
            },
            "size": {
                "word count": [
                    150,
                    149
                ]
            },
            "summ": [
                [
                    84,
                    111,
                    62,
                    31,
                    5,
                    72,
                    7,
                    6,
                    126,
                    21
                ],
                [
                    71,
                    100,
                    63,
                    105,
                    97,
                    81,
                    13,
                    24,
                    101,
                    72,
                    70,
                    69
                ]
            ]
        },
        {
            "evaluation": {
                "C": 88.88888888888889,
                "D": 76.78018575851394,
                "H": 86.206550643684,
                "R": 95.00333667000334
            },
            "parameters": {
                "method": [
                    "contrastive+representative",
                    false,
                    null
                ]
            },
            "size": {
                "word count": [
                    150,
                    150
                ]
            },
            "summ": [
                [
                    28,
                    76,
                    62,
                    57,
                    121,
                    5,
                    7,
                    72,
                    122
                ],
                [
                    71,
                    30,
                    81,
                    7,
                    97,
                    45,
                    13,
                    24,
                    101,
                    26,
                    72,
                    31,
                    70,
                    52,
                    36,
                    21
                ]
            ]
        },
        {
            "evaluation": {
                "C": 83.33333333333334,
                "D": 79.72136222910217,
                "H": 85.71016033836628,