{
    "meta": {
        "limits (per side)": {
            "sentences": 20,
            "words": 150
        },
        "run time": 0.28,
        "size": {
            "source": {
                "sentences": [
                    68,
                    52
                ],
                "words": [
                    1108,
                    594
                ]
            }
        },
        "source": [
            [
                [
                    "D2a",
                    "D2b"
                ]
            ]
        ]
    },
    "output": [
        {
            "evaluation": {
                "C": 77.77777777777779,
                "D": 71.20743034055728,
                "H": 79.84712383909066,
                "R": 93.71037704371037
            },
            "parameters": {
                "method": [
                    "contrastive+representative",
                    false,
                    0
                ]
            },
            "size": {
                "word count": [
                    150,
                    150
                ]
            },
            "summ": [
                [
                    29,
                    32,
                    62,
                    56,
                    89,
                    4,
                    67
                ],
                [
                    70,
                    35,
                    41,
                    36,
                    97,
                    55,
                    81,
                    13,
                    101,
                    24,
                    30,
                    26,
                    72
                ]
            ]
        },
        {
            "evaluation": {
                "C": 77.77777777777779,
                "D": 65.3250773993808,
                "H": 76.82162200015883,
                "R": 91.85852519185852
            },
            "parameters": {
                "method": [
                    "contrastive+representative",
                    false,
                    0
                ]
            },
            "size": {
                "word count": [
                    149,
                    149
                ]
            },
            "summ": [
                [
                    77,
                    54,
                    62,
                    8,
                    31,
                    5,
                    24
                ],
                [
                    71,
                    4,
                    38,
                    7,
                    97,
                    45,
                    81,
                    13,
                    101,
                    24,
                    30,
                    26,
                    72,
                    70
                ]
            ]
        },
        {
            "evaluation": {
                "C": 83.33333333333334,
                "D": 74.14860681114551,
                "H": 83.13064639946029,
                "R": 94.32766099432766
            },
            "parameters": {
                "method": [
                    "contrastive+representative",
                    false,
                    0
                ]
            },
            "size": {
                "word count": [
                    150,
                    150
                ]
            },
            "summ": [
                [
                    27,
                    132,
                    62,
                    108,
                    31,
                    5,
                    67,
                    6,
                    126,
                    57
                ],
                [
                    70,
                    28,
                    38,
                    36,
                    97,
                    55,
                    81,
                    13,
                    101,
                    24,
                    30,
                    26,
                    72,
                    21,
                    45,
                    7
                ]
            ]
        },
        {
            "evaluation": {
                "C": 77.77777777777779,
                "D": 68.57585139318886,
                "H": 78.5582711243589,
                "R": 93.03470136803469
            },
            "parameters": {
                "method": [
                    "contrastive+representative",
                    false,
                    0
                ]
            },
            "size": {
                "word count": [
                    150,
                    150
                ]
            },
            "summ": [
                [
                    27,
                    89,
                    62,
                    8,
                    4,
                    67,
                    24
                ],
                [
                    70,
                    84,
                    41,
                    21,
                    97,
                    47,
                    81,
                    13,
                    101,
                    24,
                    30,
                    72,
                    71
                ]
            ]
        },
        {
            "evaluation": {
                "C": 83.33333333333334,
                "D": 71.82662538699691,
                "H": 81.95175027106944,
                "R": 93.59359359359357
            },
            "parameters": {
                "method": [
                    "contrastive+representative",
                    false,
                    0
                ]
            },
            "size": {
                "word count": [
                    150,
                    149
                ]
            },
            "summ": [
                [
                    84,
                    117,
                    62,
                    121,
                    4,
                    67,
                    7
                ],
                [
                    70,
                    104,
                    40,
                    105,
                    97,
                    69,
                    81,
                    13,
                    101,
                    24,
                    72,
                    52
                ]
            ]
        },
        {
            "evaluation": {
                "C": 72.22222222222221,
                "D": 65.63467492260061,
                "H": 75.04646642193097,
                "R": 91.80013346680013
            },
            "parameters": {
                "method": [
                    "contrastive+representative",
                    false,
                    0
                ]
            },
            "size": {
                "word count": [
                    150,
                    150
                ]
            },
            "summ": [
                [
                    29,
                    37,
                    62,
                    14,
                    26,
                    5
                ],
                [
                    70,
                    53,
                    50,
                    41,
                    97,
                    21,
                    81,
                    47,
                    13,
                    24,
                    101,
                    26,
                    30,
                    71
                ]
            ]
        },
        {
            "evaluation": {
                "C": 77.77777777777779,
                "D": 74.76780185758514,
                "H": 81.41914740825511,
                "R": 94.21087754421086
            },
            "parameters": {
                "method": [
                    "contrastive+representative",
                    false,
                    0
                ]
            },