{
    "meta": {
        "limits (per side)": {
            "sentences": 20,
            "words": 150
        },
        "run time": 0.36,
        "size": {
            "source": {
                "sentences": [
                    68,
                    52
                ],
                "words": [
                    1108,
                    594
                ]
            }
        },
        "source": [
            [
                [
                    "D2a",
                    "D2b"
                ]
            ]
        ]
    },
    "output": [
        {
            "evaluation": {
                "C": 83.33333333333334,
                "D": 71.51702786377709,
                "H": 81.83191273692678,
                "R": 93.65198531865198
            },
            "parameters": {
                "method": [
                    "contrastive+representative",
                    false,
                    null
                ]
            },
            "size": {
                "word count": [
                    150,
                    150
                ]
            },
            "summ": [
                [
                    31,
                    128,
                    62,
                    108,
                    5,
                    67,
                    7,
                    24
                ],
                [
                    70,
                    22,
                    79,
                    51,
                    97,
                    43,
                    81,
                    61,
                    13,
                    24,
                    101,
                    26,
                    72,
                    71,
                    21
                ]
            ]
        },
        {
            "evaluation": {
                "C": 72.22222222222221,
                "D": 68.26625386996903,
                "H": 76.45919427228253,
                "R": 93.09309309309307
            },
            "parameters": {
                "method": [
                    "contrastive+representative",
                    false,
                    null
                ]
            },
            "size": {
                "word count": [
                    149,
                    150
                ]
            },
            "summ": [
                [
                    28,
                    21,
                    62,
                    14,
                    26,
                    5,
                    72,
                    122
                ],
                [
                    71,
                    26,
                    63,
                    38,
                    97,
                    7,
                    81,
                    13,
                    101,
                    24,
                    72,
                    70,
                    69
                ]
            ]
        },
        {
            "evaluation": {
                "C": 72.22222222222221,
                "D": 65.63467492260061,
                "H": 75.04646642193097,
                "R": 91.80013346680012
            },
            "parameters": {
                "method": [
                    "contrastive+representative",
                    false,
                    null
                ]
            },
            "size": {
                "word count": [
                    150,
                    150
                ]
            },
            "summ": [
                [
                    29,
                    32,
                    62,
                    122,
                    95,
                    4,
                    43
                ],
                [
                    70,
                    53,
                    50,
                    41,
                    97,
                    36,
                    81,
                    55,
                    13,
                    24,
                    101,
                    26,
                    30,
                    71
                ]
            ]
        },
        {
            "evaluation": {
                "C": 72.22222222222221,
                "D": 68.57585139318886,
                "H": 76.5751037308649,
                "R": 93.03470136803469
            },
            "parameters": {
                "method": [
                    "contrastive+representative",
                    false,
                    null
                ]
            },
            "size": {
                "word count": [
                    149,
                    149
                ]
            },
            "summ": [
                [
                    28,
                    102,
                    62,
                    56,
                    26,
                    5,
                    72,
                    6,
                    122
                ],
                [
                    71,
                    22,
                    79,
                    38,
                    97,
                    21,
                    81,
                    47,
                    13,
                    24,
                    101,
                    26,
                    30,
                    36
                ]
            ]
        },
        {
            "evaluation": {
                "C": 77.77777777777779,
                "D": 70.89783281733746,
                "H": 79.73108729236064,
                "R": 93.76876876876877
            },
            "parameters": {
                "method": [
                    "contrastive+representative",
                    false,
                    null
                ]
            },
            "size": {
                "word count": [
                    150,
                    149
                ]
            },
            "summ": [
                [
                    28,
                    103,
                    62,
                    122,
                    31,
                    5,
                    67,
                    24
                ],
                [
                    70,
                    69,
                    23,
                    7,
                    97,
                    26,
                    81,
                    13,
                    101,
                    24,
                    30,
                    31,
                    72,
                    45,
                    21
                ]
            ]
        },
        {
            "evaluation": {
                "C": 83.33333333333334,
                "D": 66.25386996904024,
                "H": 79.09802994548777,
                "R": 92.30063396730063
            },
            "parameters": {
                "method": [
                    "contrastive+representative",
                    false,
                    null
                ]
            },
            "size": {
                "word count": [
                    149,
                    150
                ]
            },
            "summ": [
                [
                    84,
                    108,
                    62,
                    33,
                    5,
                    72,
                    7,
                    122
                ],
                [
                    71,
                    98,
                    101,
                    105,
                    97,
                    61,
                    81,
                    13,
                    30,
                    70,
                    43
                ]
            ]
        },
        {
            "evaluation": {
                "C": 94.44444444444444,
                "D": 74.14860681114551,
                "H": 86.34126603643574,
                "R": 93.71037704371037
            },