{
    "meta": {
        "limits (per side)": {
            "sentences": 20,
            "words": 150
        },
        "run time": 0.48,
        "size": {
            "source": {
                "sentences": [
                    68,
                    52
                ],
                "words": [
                    1108,
                    594
                ]
            }
        },
        "source": [
            [
                [
                    "D2a",
                    "D2b"
                ]
            ]
        ]
    },
    "output": [
        {
            "evaluation": {
                "C": 72.22222222222221,
                "D": 63.0030959752322,
                "H": 73.72385497116967,
                "R": 91.12445779112446
            },
            "parameters": {
                "method": [
                    "contrastive+representative",
                    false,
                    null
                ]
            },
            "size": {
                "word count": [
                    150,
                    149
                ]
            },
            "summ": [
                [
                    27,
                    85,
                    62,
                    122,
                    31,
                    4,
                    43
                ],
                [
                    70,
                    84,
                    38,
                    105,
                    97,
                    69,
                    81,
                    13,
                    101,
                    24,
                    72,
                    71
                ]
            ]
        },
        {
            "evaluation": {
                "C": 77.77777777777779,
                "D": 74.45820433436532,
                "H": 81.31093370325472,
                "R": 94.26926926926926
            },
            "parameters": {
                "method": [
                    "contrastive+representative",
                    false,
                    null
                ]
            },
            "size": {
                "word count": [
                    150,
                    149
                ]
            },
            "summ": [
                [
                    84,
                    136,
                    62,
                    89,
                    4,
                    67,
                    7,
                    122
                ],
                [
                    70,
                    88,
                    81,
                    105,
                    97,
                    63,
                    13,
                    24,
                    101,
                    26,
                    51
                ]
            ]
        },
        {
            "evaluation": {
                "C": 72.22222222222221,
                "D": 74.14860681114551,
                "H": 79.08487602155678,
                "R": 94.32766099432764
            },
            "parameters": {
                "method": [
                    "contrastive+representative",
                    false,
                    null
                ]
            },
            "size": {
                "word count": [
                    150,
                    150
                ]
            },
            "summ": [
                [
                    31,
                    135,
                    62,
                    14,
                    4,
                    67,
                    6
                ],
                [
                    70,
                    28,
                    79,
                    51,
                    97,
                    65,
                    81,
                    63,
                    13,
                    24,
                    101,
                    26,
                    72,
                    52,
                    36
                ]
            ]
        },
        {
            "evaluation": {
                "C": 72.22222222222221,
                "D": 65.63467492260061,
                "H": 75.04646642193097,
                "R": 91.80013346680012
            },
            "parameters": {
                "method": [
                    "contrastive+representative",
                    false,
                    null
                ]
            },
            "size": {
                "word count": [
                    149,
                    150
                ]
            },
            "summ": [
                [
                    4,
                    85,
                    62,
                    8,
                    31,
                    24
                ],
                [
                    70,
                    98,
                    50,
                    23,
                    97,
                    36,
                    81,
                    55,
                    13,
                    24,
                    101,
                    26,
                    30,
                    7,
                    40
                ]
            ]
        },
        {
            "evaluation": {
                "C": 94.44444444444444,
                "D": 77.39938080495355,
                "H": 88.11313719221155,
                "R": 94.88655321988654
            },
            "parameters": {
                "method": [
                    "contrastive+representative",
                    false,
                    null
                ]
            },
            "size": {
                "word count": [
                    150,
                    150
                ]
            },
            "summ": [
                [
                    29,
                    21,
                    62,
                    122,
                    121,
                    5,
                    7,
                    72,
                    126,
                    6,
                    84,
                    24
                ],
                [
                    71,
                    15,
                    97,
                    41,
                    81,
                    105,
                    13,
                    69,
                    101,
                    24,
                    30,
                    72,
                    50
                ]
            ]
        },
        {
            "evaluation": {
                "C": 83.33333333333334,
                "D": 77.39938080495355,
                "H": 84.60499076472995,
                "R": 94.88655321988654
            },
            "parameters": {
                "method": [
                    "contrastive+representative",
                    false,
                    null
                ]
            },
            "size": {
                "word count": [
                    149,
                    149
                ]
            },
            "summ": [
                [
                    31,
                    108,
                    62,
                    5,
                    7,
                    72,
                    126,
                    6,
                    57
                ],
                [
                    71,
                    35,
                    50,
                    51,
                    97,
                    65,
                    81,
                    63,
                    13,
                    24,
                    101,
                    26,
                    70
                ]
            ]
        },
        {
            "evaluation": {
                "C": 77.77777777777779,
                "D": 73.83900928792569,
                "H": 81.09224665264793,
                "R": 94.38605271938604
            },
            "parameters": {
                "method": [
                    "contrastive+representative",
                    false,
                    null
                ]
            },