{
    "meta": {
        "limits (per side)": {
            "sentences": 20,
            "words": 150
        },
        "run time": 0.42,
        "size": {
            "source": {
                "sentences": [
                    68,
                    52
                ],
                "words": [
                    1108,
                    594
                ]
            }
        },
        "source": [
            [
                [
                    "D2a",
                    "D2b"
                ]
            ]
        ]
    },
    "output": [
        {
            "evaluation": {
                "C": 94.44444444444444,
                "D": 77.39938080495355,
                "H": 88.11313719221155,
                "R": 94.88655321988655
            },
            "parameters": {
                "method": [
                    "contrastive+representative",
                    false,
                    null
                ]
            },
            "size": {
                "word count": [
                    150,
                    149
                ]
            },
            "summ": [
                [
                    84,
                    115,
                    62,
                    33,
                    5,
                    72,
                    7,
                    6,
                    126,
                    24
                ],
                [
                    71,
                    28,
                    79,
                    105,
                    97,
                    47,
                    81,
                    13,
                    101,
                    24,
                    30,
                    72,
                    70,
                    36
                ]
            ]
        },
        {
            "evaluation": {
                "C": 77.77777777777779,
                "D": 68.26625386996903,
                "H": 78.43628498153508,
                "R": 93.0930930930931
            },
            "parameters": {
                "method": [
                    "contrastive+representative",
                    false,
                    null
                ]
            },
            "size": {
                "word count": [
                    149,
                    150
                ]
            },
            "summ": [
                [
                    77,
                    85,
                    62,
                    108,
                    31,
                    5,
                    72
                ],
                [
                    71,
                    60,
                    63,
                    52,
                    97,
                    7,
                    81,
                    13,
                    101,
                    24,
                    30,
                    72,
                    70,
                    69,
                    36
                ]
            ]
        },
        {
            "evaluation": {
                "C": 77.77777777777779,
                "D": 74.14860681114551,
                "H": 81.20196864450978,
                "R": 94.32766099432766
            },
            "parameters": {
                "method": [
                    "contrastive+representative",
                    false,
                    null
                ]
            },
            "size": {
                "word count": [
                    150,
                    149
                ]
            },
            "summ": [
                [
                    27,
                    64,
                    62,
                    24,
                    89,
                    4,
                    67,
                    6
                ],
                [
                    70,
                    55,
                    20,
                    30,
                    97,
                    43,
                    81,
                    13,
                    101,
                    24,
                    72,
                    26,
                    71,
                    45,
                    21
                ]
            ]
        },
        {
            "evaluation": {
                "C": 83.33333333333334,
                "D": 74.14860681114551,
                "H": 83.13064639946029,
                "R": 94.32766099432766
            },
            "parameters": {
                "method": [
                    "contrastive+representative",
                    false,
                    null
                ]
            },
            "size": {
                "word count": [
                    150,
                    150
                ]
            },
            "summ": [
                [
                    29,
                    18,
                    62,
                    8,
                    31,
                    5,
                    72,
                    6,
                    126,
                    24
                ],
                [
                    71,
                    8,
                    41,
                    36,
                    97,
                    55,
                    81,
                    13,
                    101,
                    24,
                    30,
                    26,
                    72
                ]
            ]
        },
        {
            "evaluation": {
                "C": 72.22222222222221,
                "D": 71.20743034055728,
                "H": 77.79919784408882,
                "R": 93.71037704371037
            },
            "parameters": {
                "method": [
                    "contrastive+representative",
                    false,
                    null
                ]
            },
            "size": {
                "word count": [
                    150,
                    150
                ]
            },
            "summ": [
                [
                    77,
                    37,
                    62,
                    8,
                    89,
                    5,
                    72
                ],
                [
                    71,
                    96,
                    79,
                    52,
                    97,
                    65,
                    81,
                    63,
                    13,
                    24,
                    101,
                    26,
                    72
                ]
            ]
        },
        {
            "evaluation": {
                "C": 77.77777777777779,
                "D": 65.3250773993808,
                "H": 76.82162200015883,
                "R": 91.85852519185852
            },
            "parameters": {
                "method": [
                    "contrastive+representative",
                    false,
                    null
                ]
            },
            "size": {
                "word count": [
                    150,
                    149
                ]
            },
            "summ": [
                [
                    27,
                    11,
                    62,
                    8,
                    26,
                    5,
                    43
                ],
                [
                    71,
                    69,
                    15,
                    30,
                    97,
                    36,
                    81,
                    13,
                    101,
                    24,
                    72,
                    26,
                    70,
                    55
                ]
            ]
        },
        {
            "evaluation": {
                "C": 72.22222222222221,
                "D": 68.57585139318886,
                "H": 76.5751037308649,
                "R": 93.0347013680347
            },