{
    "meta": {
        "limits (per side)": {
            "sentences": 20,
            "words": 150
        },
        "run time": 0.49,
        "size": {
            "source": {
                "sentences": [
                    68,
                    52
                ],
                "words": [
                    1108,
                    594
                ]
            }
        },
        "source": [
            [
                [
                    "D2a",
                    "D2b"
                ]
            ]
        ]
    },
    "output": [
        {
            "evaluation": {
                "C": 77.77777777777779,
                "D": 68.26625386996903,
                "H": 78.28951449090547,
                "R": 92.47580914247581
            },
            "parameters": {
                "method": [
                    "contrastive+representative",
                    false,
                    null
                ]
            },
            "size": {
                "word count": [
                    149,
                    150
                ]
            },
            "summ": [
                [
                    28,
                    101,
                    62,
                    122,
                    33,
                    5
                ],
                [
                    70,
                    100,
                    81,
                    38,
                    97,
                    21,
                    13,
                    47,
                    101,
                    24,
                    30,
                    26,
                    72,
                    40
                ]
            ]
        },
        {
            "evaluation": {
                "C": 88.88888888888889,
                "D": 77.39938080495355,
                "H": 86.4331599393385,
                "R": 94.88655321988655
            },
            "parameters": {
                "method": [
                    "contrastive+representative",
                    false,
                    null
                ]
            },
            "size": {
                "word count": [
                    149,
                    150
                ]
            },
            "summ": [
                [
                    31,
                    121,
                    62,
                    57,
                    5,
                    72,
                    7,
                    6,
                    126,
                    84,
                    89
                ],
                [
                    71,
                    98,
                    50,
                    51,
                    97,
                    43,
                    81,
                    61,
                    13,
                    24,
                    101,
                    26,
                    72
                ]
            ]
        },
        {
            "evaluation": {
                "C": 72.22222222222221,
                "D": 71.20743034055728,
                "H": 77.79919784408882,
                "R": 93.71037704371037
            },
            "parameters": {
                "method": [
                    "contrastive+representative",
                    false,
                    null
                ]
            },
            "size": {
                "word count": [
                    150,
                    150
                ]
            },
            "summ": [
                [
                    4,
                    133,
                    62,
                    61,
                    95,
                    72,
                    24,
                    122
                ],
                [
                    71,
                    4,
                    20,
                    23,
                    97,
                    7,
                    81,
                    45,
                    13,
                    24,
                    101,
                    26,
                    30,
                    31,
                    36
                ]
            ]
        },
        {
            "evaluation": {
                "C": 66.66666666666666,
                "D": 60.06191950464396,
                "H": 70.26035507698852,
                "R": 90.50717384050716
            },
            "parameters": {
                "method": [
                    "contrastive+representative",
                    false,
                    null
                ]
            },
            "size": {
                "word count": [
                    149,
                    149
                ]
            },
            "summ": [
                [
                    77,
                    11,
                    62,
                    8,
                    113,
                    5
                ],
                [
                    71,
                    84,
                    15,
                    52,
                    97,
                    65,
                    81,
                    63,
                    13,
                    24,
                    101,
                    70,
                    51
                ]
            ]
        },
        {
            "evaluation": {
                "C": 94.44444444444444,
                "D": 74.45820433436532,
                "H": 86.63884714949783,
                "R": 94.26926926926927
            },
            "parameters": {
                "method": [
                    "contrastive+representative",
                    false,
                    null
                ]
            },
            "size": {
                "word count": [
                    150,
                    149
                ]
            },
            "summ": [
                [
                    31,
                    76,
                    62,
                    56,
                    5,
                    72,
                    7,
                    126
                ],
                [
                    71,
                    57,
                    38,
                    43,
                    97,
                    61,
                    81,
                    13,
                    101,
                    24,
                    30,
                    72,
                    70,
                    36,
                    45
                ]
            ]
        },
        {
            "evaluation": {
                "C": 83.33333333333334,
                "D": 77.08978328173374,
                "H": 84.49679038858916,
                "R": 94.94494494494495
            },
            "parameters": {
                "method": [
                    "contrastive+representative",
                    false,
                    null
                ]
            },
            "size": {
                "word count": [
                    149,
                    150
                ]
            },
            "summ": [
                [
                    84,
                    101,
                    62,
                    95,
                    5,
                    67,
                    6,
                    126,
                    57
                ],
                [
                    70,
                    60,
                    101,
                    105,
                    97,
                    69,
                    81,
                    13,
                    30,
                    24,
                    72,
                    71,
                    31
                ]
            ]
        },
        {
            "evaluation": {
                "C": 72.22222222222221,
                "D": 74.14860681114551,
                "H": 79.08487602155678,
                "R": 94.32766099432764
            },