{
    "meta": {
        "limits (per side)": {
            "sentences": 20,
            "words": 150
        },
        "run time": 0.31,
        "size": {
            "source": {
                "sentences": [
                    68,
                    52
                ],
                "words": [
                    1108,
                    594
                ]
            }
        },
        "source": [
            [
                [
                    "D2a",
                    "D2b"
                ]
            ]
        ]
    },
    "output": [
        {
            "evaluation": {
                "C": 88.88888888888889,
                "D": 77.39938080495355,
                "H": 86.4331599393385,
                "R": 94.88655321988657
            },
            "parameters": {
                "method": [
                    "contrastive+representative",
                    false,
                    null
                ]
            },
            "size": {
                "word count": [
                    150,
                    150
                ]
            },
            "summ": [
                [
                    84,
                    47,
                    62,
                    121,
                    5,
                    72,
                    7,
                    6,
                    126,
                    122,
                    24
                ],
                [
                    71,
                    88,
                    81,
                    105,
                    97,
                    69,
                    13,
                    24,
                    101,
                    26,
                    30,
                    36
                ]
            ]
        },
        {
            "evaluation": {
                "C": 77.77777777777779,
                "D": 62.69349845201238,
                "H": 75.42476436513914,
                "R": 91.18284951618286
            },
            "parameters": {
                "method": [
                    "contrastive+representative",
                    false,
                    null
                ]
            },
            "size": {
                "word count": [
                    149,
                    149
                ]
            },
            "summ": [
                [
                    27,
                    47,
                    62,
                    61,
                    33,
                    5,
                    57
                ],
                [
                    70,
                    84,
                    81,
                    30,
                    97,
                    21,
                    13,
                    47,
                    101,
                    24,
                    72,
                    71,
                    48
                ]
            ]
        },
        {
            "evaluation": {
                "C": 83.33333333333334,
                "D": 74.45820433436532,
                "H": 83.24485276154945,
                "R": 94.26926926926927
            },
            "parameters": {
                "method": [
                    "contrastive+representative",
                    false,
                    null
                ]
            },
            "size": {
                "word count": [
                    150,
                    150
                ]
            },
            "summ": [
                [
                    31,
                    46,
                    62,
                    57,
                    4,
                    67,
                    6,
                    126,
                    89
                ],
                [
                    70,
                    28,
                    23,
                    105,
                    97,
                    69,
                    81,
                    13,
                    101,
                    24,
                    30,
                    72,
                    71
                ]
            ]
        },
        {
            "evaluation": {
                "C": 66.66666666666666,
                "D": 65.3250773993808,
                "H": 72.69552815272147,
                "R": 91.24124124124123
            },
            "parameters": {
                "method": [
                    "contrastive+representative",
                    false,
                    null
                ]
            },
            "size": {
                "word count": [
                    149,
                    150
                ]
            },
            "summ": [
                [
                    77,
                    37,
                    62,
                    8,
                    31,
                    57
                ],
                [
                    70,
                    96,
                    20,
                    52,
                    97,
                    65,
                    81,
                    63,
                    13,
                    24,
                    101,
                    26,
                    72,
                    21,
                    40
                ]
            ]
        },
        {
            "evaluation": {
                "C": 72.22222222222221,
                "D": 65.3250773993808,
                "H": 74.92410830984737,
                "R": 91.85852519185852
            },
            "parameters": {
                "method": [
                    "contrastive+representative",
                    false,
                    null
                ]
            },
            "size": {
                "word count": [
                    149,
                    150
                ]
            },
            "summ": [
                [
                    77,
                    18,
                    62,
                    14,
                    113,
                    5,
                    24
                ],
                [
                    71,
                    8,
                    40,
                    52,
                    97,
                    36,
                    81,
                    55,
                    13,
                    24,
                    101,
                    26,
                    30,
                    31,
                    21
                ]
            ]
        },
        {
            "evaluation": {
                "C": 77.77777777777779,
                "D": 68.26625386996903,
                "H": 78.43628498153508,
                "R": 93.09309309309307
            },
            "parameters": {
                "method": [
                    "contrastive+representative",
                    false,
                    null
                ]
            },
            "size": {
                "word count": [
                    150,
                    149
                ]
            },
            "summ": [
                [
                    77,
                    85,
                    62,
                    14,
                    33,
                    5,
                    67,
                    24
                ],
                [
                    70,
                    4,
                    23,
                    65,
                    97,
                    63,
                    81,
                    13,
                    101,
                    24,
                    30,
                    72,
                    7
                ]
            ]
        },
        {
            "evaluation": {
                "C": 72.22222222222221,
                "D": 68.57585139318886,
                "H": 76.5751037308649,
                "R": 93.03470136803469
            },