{
    "meta": {
        "limits (per side)": {
            "sentences": 20,
            "words": 150
        },
        "run time": 0.58,
        "size": {
            "source": {
                "sentences": [
                    68,
                    52
                ],
                "words": [
                    1108,
                    594
                ]
            }
        },
        "source": [
            [
                [
                    "D2a",
                    "D2b"
                ]
            ]
        ]
    },
    "output": [
        {
            "evaluation": {
                "C": 77.77777777777779,
                "D": 71.82662538699691,
                "H": 80.07676985795152,
                "R": 93.5935935935936
            },
            "parameters": {
                "method": [
                    "contrastive+representative",
                    false,
                    null
                ]
            },
            "size": {
                "word count": [
                    150,
                    150
                ]
            },
            "summ": [
                [
                    31,
                    137,
                    62,
                    57,
                    4,
                    67,
                    6,
                    126,
                    89
                ],
                [
                    70,
                    55,
                    23,
                    105,
                    97,
                    61,
                    81,
                    13,
                    101,
                    24,
                    30,
                    43
                ]
            ]
        },
        {
            "evaluation": {
                "C": 77.77777777777779,
                "D": 73.83900928792569,
                "H": 81.09224665264793,
                "R": 94.38605271938604
            },
            "parameters": {
                "method": [
                    "contrastive+representative",
                    false,
                    null
                ]
            },
            "size": {
                "word count": [
                    150,
                    149
                ]
            },
            "summ": [
                [
                    4,
                    132,
                    62,
                    8,
                    31,
                    67
                ],
                [
                    70,
                    4,
                    41,
                    7,
                    97,
                    45,
                    81,
                    13,
                    101,
                    24,
                    30,
                    26,
                    72,
                    31
                ]
            ]
        },
        {
            "evaluation": {
                "C": 77.77777777777779,
                "D": 68.26625386996903,
                "H": 78.43628498153508,
                "R": 93.09309309309307
            },
            "parameters": {
                "method": [
                    "contrastive+representative",
                    false,
                    null
                ]
            },
            "size": {
                "word count": [
                    150,
                    149
                ]
            },
            "summ": [
                [
                    29,
                    76,
                    62,
                    84,
                    113,
                    5,
                    67,
                    24,
                    57
                ],
                [
                    70,
                    53,
                    51,
                    21,
                    97,
                    47,
                    81,
                    13,
                    101,
                    24,
                    30,
                    26,
                    72,
                    7
                ]
            ]
        },
        {
            "evaluation": {
                "C": 77.77777777777779,
                "D": 65.3250773993808,
                "H": 76.82162200015883,
                "R": 91.85852519185852
            },
            "parameters": {
                "method": [
                    "contrastive+representative",
                    false,
                    null
                ]
            },
            "size": {
                "word count": [
                    149,
                    149
                ]
            },
            "summ": [
                [
                    77,
                    103,
                    62,
                    84,
                    121,
                    5
                ],
                [
                    70,
                    30,
                    51,
                    65,
                    97,
                    63,
                    81,
                    13,
                    101,
                    24,
                    72,
                    71,
                    52
                ]
            ]
        },
        {
            "evaluation": {
                "C": 66.66666666666666,
                "D": 59.752321981424146,
                "H": 70.00635717358459,
                "R": 89.94828161494829
            },
            "parameters": {
                "method": [
                    "contrastive+representative",
                    false,
                    null
                ]
            },
            "size": {
                "word count": [
                    148,
                    150
                ]
            },
            "summ": [
                [
                    29,
                    76,
                    62,
                    61,
                    113,
                    24
                ],
                [
                    70,
                    110,
                    63,
                    41,
                    97,
                    65,
                    81,
                    13,
                    101,
                    24,
                    30,
                    71,
                    45
                ]
            ]
        },
        {
            "evaluation": {
                "C": 94.44444444444444,
                "D": 80.03095975232199,
                "H": 89.4246813609233,
                "R": 95.56222889556221
            },
            "parameters": {
                "method": [
                    "contrastive+representative",
                    false,
                    null
                ]
            },
            "size": {
                "word count": [
                    149,
                    150
                ]
            },
            "summ": [
                [
                    29,
                    115,
                    62,
                    56,
                    95,
                    5,
                    7,
                    72,
                    126,
                    6
                ],
                [
                    71,
                    55,
                    50,
                    41,
                    97,
                    43,
                    81,
                    13,
                    101,
                    24,
                    30,
                    26,
                    72,
                    45
                ]
            ]
        },
        {
            "evaluation": {
                "C": 77.77777777777779,
                "D": 71.51702786377709,
                "H": 79.96234931091243,
                "R": 93.65198531865198
            },
            "parameters": {
                "method": [
                    "contrastive+representative",
                    false,
                    null
                ]
            },