{
    "meta": {
        "limits (per side)": {
            "sentences": 20,
            "words": 150
        },
        "run time": 0.42,
        "size": {
            "source": {
                "sentences": [
                    68,
                    52
                ],
                "words": [
                    1108,
                    594
                ]
            }
        },
        "source": [
            [
                [
                    "D2a",
                    "D2b"
                ]
            ]
        ]
    },
    "output": [
        {
            "evaluation": {
                "C": 72.22222222222221,
                "D": 62.69349845201238,
                "H": 73.59480690278512,
                "R": 91.18284951618284
            },
            "parameters": {
                "method": [
                    "contrastive+representative",
                    false,
                    null
                ]
            },
            "size": {
                "word count": [
                    150,
                    149
                ]
            },
            "summ": [
                [
                    77,
                    11,
                    62,
                    61,
                    113,
                    5,
                    24
                ],
                [
                    70,
                    35,
                    23,
                    65,
                    97,
                    63,
                    81,
                    13,
                    101,
                    24,
                    30,
                    7,
                    45,
                    40
                ]
            ]
        },
        {
            "evaluation": {
                "C": 83.33333333333334,
                "D": 79.72136222910217,
                "H": 85.71016033836628,
                "R": 95.62062062062061
            },
            "parameters": {
                "method": [
                    "contrastive+representative",
                    false,
                    null
                ]
            },
            "size": {
                "word count": [
                    150,
                    150
                ]
            },
            "summ": [
                [
                    27,
                    89,
                    62,
                    57,
                    4,
                    67,
                    6,
                    126,
                    121
                ],
                [
                    70,
                    28,
                    20,
                    30,
                    97,
                    36,
                    81,
                    55,
                    13,
                    24,
                    101,
                    26,
                    72,
                    31
                ]
            ]
        },
        {
            "evaluation": {
                "C": 77.77777777777779,
                "D": 68.26625386996903,
                "H": 78.43628498153508,
                "R": 93.09309309309307
            },
            "parameters": {
                "method": [
                    "contrastive+representative",
                    false,
                    null
                ]
            },
            "size": {
                "word count": [
                    149,
                    150
                ]
            },
            "summ": [
                [
                    27,
                    111,
                    62,
                    108,
                    113,
                    5,
                    72,
                    122
                ],
                [
                    71,
                    57,
                    15,
                    30,
                    97,
                    7,
                    81,
                    45,
                    13,
                    24,
                    101,
                    26,
                    72,
                    70,
                    52,
                    36
                ]
            ]
        },
        {
            "evaluation": {
                "C": 72.22222222222221,
                "D": 74.45820433436532,
                "H": 79.1882296725997,
                "R": 94.26926926926927
            },
            "parameters": {
                "method": [
                    "contrastive+representative",
                    false,
                    null
                ]
            },
            "size": {
                "word count": [
                    148,
                    150
                ]
            },
            "summ": [
                [
                    4,
                    136,
                    62,
                    24,
                    31,
                    72,
                    6,
                    126,
                    5
                ],
                [
                    71,
                    88,
                    40,
                    23,
                    97,
                    65,
                    81,
                    63,
                    13,
                    24,
                    101,
                    26,
                    70,
                    52,
                    36
                ]
            ]
        },
        {
            "evaluation": {
                "C": 83.33333333333334,
                "D": 71.51702786377709,
                "H": 81.83191273692678,
                "R": 93.65198531865198
            },
            "parameters": {
                "method": [
                    "contrastive+representative",
                    false,
                    null
                ]
            },
            "size": {
                "word count": [
                    149,
                    149
                ]
            },
            "summ": [
                [
                    84,
                    103,
                    62,
                    121,
                    5,
                    72,
                    6,
                    126,
                    89
                ],
                [
                    71,
                    28,
                    50,
                    105,
                    97,
                    69,
                    81,
                    13,
                    101,
                    24,
                    30,
                    72,
                    70,
                    65
                ]
            ]
        },
        {
            "evaluation": {
                "C": 77.77777777777779,
                "D": 68.26625386996903,
                "H": 78.43628498153508,
                "R": 93.0930930930931
            },
            "parameters": {
                "method": [
                    "contrastive+representative",
                    false,
                    null
                ]
            },
            "size": {
                "word count": [
                    150,
                    150
                ]
            },
            "summ": [
                [
                    77,
                    135,
                    62,
                    57,
                    26,
                    5,
                    72,
                    43
                ],
                [
                    71,
                    60,
                    63,
                    52,
                    97,
                    21,
                    81,
                    13,
                    101,
                    24,
                    30,
                    72,
                    70,
                    69,
                    36
                ]
            ]
        },
        {
            "evaluation": {
                "C": 72.22222222222221,
                "D": 71.51702786377709,
                "H": 77.9085844395046,