{
    "meta": {
        "limits (per side)": {
            "sentences": 20,
            "words": 150
        },
        "run time": 0.32,
        "size": {
            "source": {
                "sentences": [
                    68,
                    52
                ],
                "words": [
                    1108,
                    594
                ]
            }
        },
        "source": [
            [
                [
                    "D2a",
                    "D2b"
                ]
            ]
        ]
    },
    "output": [
        {
            "evaluation": {
                "C": 83.33333333333334,
                "D": 74.14860681114551,
                "H": 83.13064639946029,
                "R": 94.32766099432766
            },
            "parameters": {
                "method": [
                    "alternate",
                    false,
                    0
                ]
            },
            "size": {
                "word count": [
                    150,
                    150
                ]
            },
            "summ": [
                [
                    28,
                    115,
                    62,
                    84,
                    106,
                    5,
                    72,
                    126,
                    122
                ],
                [
                    71,
                    63,
                    97,
                    38,
                    81,
                    21,
                    13,
                    24,
                    101,
                    26,
                    72,
                    70,
                    69
                ]
            ]
        },
        {
            "evaluation": {
                "C": 77.77777777777779,
                "D": 65.3250773993808,
                "H": 76.82162200015883,
                "R": 91.85852519185852
            },
            "parameters": {
                "method": [
                    "alternate",
                    false,
                    0
                ]
            },
            "size": {
                "word count": [
                    149,
                    150
                ]
            },
            "summ": [
                [
                    77,
                    76,
                    62,
                    57,
                    113,
                    5
                ],
                [
                    71,
                    15,
                    97,
                    52,
                    81,
                    65,
                    13,
                    63,
                    101,
                    24,
                    30,
                    72,
                    36
                ]
            ]
        },
        {
            "evaluation": {
                "C": 72.22222222222221,
                "D": 68.26625386996903,
                "H": 76.31972304156335,
                "R": 92.4758091424758
            },
            "parameters": {
                "method": [
                    "alternate",
                    false,
                    0
                ]
            },
            "size": {
                "word count": [
                    149,
                    149
                ]
            },
            "summ": [
                [
                    28,
                    113,
                    62,
                    56,
                    4,
                    57
                ],
                [
                    70,
                    28,
                    50,
                    38,
                    97,
                    36,
                    81,
                    55,
                    13,
                    24,
                    101,
                    26,
                    30,
                    31,
                    7
                ]
            ]
        },
        {
            "evaluation": {
                "C": 88.88888888888889,
                "D": 74.14860681114551,
                "H": 84.89499025342099,
                "R": 94.32766099432767
            },
            "parameters": {
                "method": [
                    "alternate",
                    false,
                    0
                ]
            },
            "size": {
                "word count": [
                    150,
                    149
                ]
            },
            "summ": [
                [
                    31,
                    18,
                    62,
                    108,
                    5,
                    72,
                    7,
                    122,
                    24
                ],
                [
                    71,
                    57,
                    63,
                    51,
                    97,
                    65,
                    81,
                    13,
                    101,
                    24,
                    30,
                    72,
                    45
                ]
            ]
        },
        {
            "evaluation": {
                "C": 83.33333333333334,
                "D": 74.45820433436532,
                "H": 83.24485276154945,
                "R": 94.26926926926926
            },
            "parameters": {
                "method": [
                    "alternate",
                    false,
                    0
                ]
            },
            "size": {
                "word count": [
                    150,
                    150
                ]
            },
            "summ": [
                [
                    84,
                    69,
                    62,
                    121,
                    4,
                    67,
                    6,
                    126,
                    21
                ],
                [
                    70,
                    28,
                    101,
                    105,
                    97,
                    69,
                    81,
                    13,
                    30,
                    24,
                    72,
                    71,
                    36,
                    50,
                    45,
                    40
                ]
            ]
        },
        {
            "evaluation": {
                "C": 77.77777777777779,
                "D": 65.63467492260061,
                "H": 76.95026154924334,
                "R": 91.80013346680013
            },
            "parameters": {
                "method": [
                    "alternate",
                    false,
                    0
                ]
            },
            "size": {
                "word count": [
                    150,
                    149
                ]
            },
            "summ": [
                [
                    28,
                    137,
                    62,
                    8,
                    89,
                    4,
                    24
                ],
                [
                    70,
                    53,
                    38,
                    43,
                    97,
                    61,
                    81,
                    13,
                    101,
                    24,
                    30,
                    72,
                    7,
                    45
                ]
            ]
        },
        {
            "evaluation": {
                "C": 72.22222222222221,
                "D": 68.26625386996903,
                "H": 76.45919427228253,
                "R": 93.09309309309307
            },
            "parameters": {
                "method": [
                    "alternate",
                    false,
                    0
                ]
            },