{
    "meta": {
        "limits (per side)": {
            "sentences": 20,
            "words": 150
        },
        "run time": 0.37,
        "size": {
            "source": {
                "sentences": [
                    68,
                    52
                ],
                "words": [
                    1108,
                    594
                ]
            }
        },
        "source": [
            [
                [
                    "D2a",
                    "D2b"
                ]
            ]
        ]
    },
    "output": [
        {
            "evaluation": {
                "C": 94.44444444444444,
                "D": 68.88544891640868,
                "H": 81.07264836014939,
                "R": 84.04237570904236
            },
            "parameters": {
                "method": [
                    "selection",
                    false,
                    0
                ]
            },
            "size": {
                "word count": [
                    150,
                    149
                ]
            },
            "summ": [
                [
                    31,
                    62,
                    4,
                    7,
                    126,
                    89
                ],
                [
                    70,
                    51,
                    97,
                    81,
                    13,
                    101,
                    30,
                    72,
                    71,
                    63,
                    23,
                    41,
                    40
                ]
            ]
        },
        {
            "evaluation": {
                "C": 94.44444444444444,
                "D": 68.88544891640868,
                "H": 82.54573688119245,
                "R": 88.98064731398063
            },
            "parameters": {
                "method": [
                    "selection",
                    false,
                    0
                ]
            },
            "size": {
                "word count": [
                    148,
                    148
                ]
            },
            "summ": [
                [
                    84,
                    62,
                    31,
                    5,
                    7,
                    106
                ],
                [
                    71,
                    41,
                    97,
                    81,
                    13,
                    101,
                    30,
                    72,
                    70,
                    63,
                    20,
                    79,
                    40,
                    51
                ]
            ]
        },
        {
            "evaluation": {
                "C": 100.0,
                "D": 68.88544891640868,
                "H": 82.38224578039915,
                "R": 84.04237570904237
            },
            "parameters": {
                "method": [
                    "selection",
                    false,
                    0
                ]
            },
            "size": {
                "word count": [
                    147,
                    146
                ]
            },
            "summ": [
                [
                    31,
                    62,
                    5,
                    7,
                    106,
                    126
                ],
                [
                    71,
                    40,
                    97,
                    81,
                    13,
                    101,
                    30,
                    72,
                    70,
                    63,
                    79,
                    41,
                    50,
                    51
                ]
            ]
        },
        {
            "evaluation": {
                "C": 94.44444444444444,
                "D": 65.94427244582043,
                "H": 79.4926127225233,
                "R": 83.42509175842508
            },
            "parameters": {
                "method": [
                    "selection",
                    false,
                    0
                ]
            },
            "size": {
                "word count": [
                    145,
                    148
                ]
            },
            "summ": [
                [
                    29,
                    62,
                    89,
                    5,
                    7,
                    106
                ],
                [
                    71,
                    101,
                    97,
                    81,
                    13,
                    30,
                    72,
                    70,
                    63,
                    40,
                    38,
                    41,
                    50
                ]
            ]
        },
        {
            "evaluation": {
                "C": 83.33333333333334,
                "D": 65.94427244582043,
                "H": 77.96009280126776,
                "R": 88.36336336336335
            },
            "parameters": {
                "method": [
                    "selection",
                    false,
                    0
                ]
            },
            "size": {
                "word count": [
                    149,
                    146
                ]
            },
            "summ": [
                [
                    84,
                    62,
                    113,
                    4,
                    126,
                    17
                ],
                [
                    70,
                    51,
                    97,
                    81,
                    13,
                    101,
                    30,
                    72,
                    71,
                    63,
                    50,
                    79,
                    40,
                    41
                ]
            ]
        },
        {
            "evaluation": {
                "C": 94.44444444444444,
                "D": 63.0030959752322,
                "H": 69.54756224686008,
                "R": 59.9683016349683
            },
            "parameters": {
                "method": [
                    "selection",
                    false,
                    0
                ]
            },
            "size": {
                "word count": [
                    148,
                    150
                ]
            },
            "summ": [
                [
                    28,
                    62,
                    33,
                    5,
                    7,
                    126,
                    27
                ],
                [
                    71,
                    101,
                    97,
                    81,
                    13,
                    30,
                    72,
                    70,
                    63,
                    40,
                    23,
                    38,
                    79
                ]
            ]
        },
        {
            "evaluation": {
                "C": 83.33333333333334,
                "D": 60.06191950464396,
                "H": 65.93639140478098,
                "R": 59.35101768435101
            },
            "parameters": {
                "method": [
                    "selection",
                    false,
                    0
                ]
            },
            "size": {
                "word count": [
                    147,
                    148
                ]
            },