{
    "meta": {
        "limits (per side)": {
            "sentences": 20,
            "words": 150
        },
        "run time": 0.34,
        "size": {
            "source": {
                "sentences": [
                    68,
                    52
                ],
                "words": [
                    1108,
                    594
                ]
            }
        },
        "source": [
            [
                [
                    "D2a",
                    "D2b"
                ]
            ]
        ]
    },
    "output": [
        {
            "evaluation": {
                "C": 94.44444444444444,
                "D": 68.88544891640868,
                "H": 82.54573688119245,
                "R": 88.98064731398063
            },
            "parameters": {
                "method": [
                    "selection",
                    false,
                    0
                ]
            },
            "size": {
                "word count": [
                    145,
                    146
                ]
            },
            "summ": [
                [
                    77,
                    62,
                    121,
                    5,
                    7,
                    126,
                    84,
                    21
                ],
                [
                    71,
                    41,
                    97,
                    81,
                    13,
                    101,
                    30,
                    72,
                    70,
                    63,
                    79,
                    50,
                    51,
                    40
                ]
            ]
        },
        {
            "evaluation": {
                "C": 94.44444444444444,
                "D": 68.88544891640868,
                "H": 81.07264836014942,
                "R": 84.04237570904237
            },
            "parameters": {
                "method": [
                    "selection",
                    false,
                    0
                ]
            },
            "size": {
                "word count": [
                    150,
                    148
                ]
            },
            "summ": [
                [
                    31,
                    62,
                    4,
                    7,
                    126,
                    89
                ],
                [
                    70,
                    81,
                    97,
                    13,
                    101,
                    30,
                    72,
                    71,
                    63,
                    23,
                    41,
                    20,
                    40
                ]
            ]
        },
        {
            "evaluation": {
                "C": 83.33333333333334,
                "D": 60.06191950464396,
                "H": 65.93639140478098,
                "R": 59.35101768435101
            },
            "parameters": {
                "method": [
                    "selection",
                    false,
                    0
                ]
            },
            "size": {
                "word count": [
                    144,
                    148
                ]
            },
            "summ": [
                [
                    4,
                    62,
                    26,
                    126,
                    5
                ],
                [
                    70,
                    15,
                    97,
                    81,
                    13,
                    101,
                    30,
                    72,
                    71,
                    63,
                    20,
                    23,
                    40
                ]
            ]
        },
        {
            "evaluation": {
                "C": 83.33333333333334,
                "D": 63.0030959752322,
                "H": 75.09689036355745,
                "R": 82.80780780780779
            },
            "parameters": {
                "method": [
                    "selection",
                    false,
                    0
                ]
            },
            "size": {
                "word count": [
                    150,
                    150
                ]
            },
            "summ": [
                [
                    28,
                    62,
                    33,
                    4,
                    126,
                    21
                ],
                [
                    70,
                    15,
                    97,
                    81,
                    13,
                    101,
                    30,
                    72,
                    71,
                    63,
                    38,
                    20,
                    40
                ]
            ]
        },
        {
            "evaluation": {
                "C": 88.88888888888889,
                "D": 63.0030959752322,
                "H": 68.49672831823825,
                "R": 59.9683016349683
            },
            "parameters": {
                "method": [
                    "selection",
                    false,
                    0
                ]
            },
            "size": {
                "word count": [
                    147,
                    149
                ]
            },
            "summ": [
                [
                    28,
                    62,
                    95,
                    4,
                    7
                ],
                [
                    70,
                    40,
                    97,
                    81,
                    13,
                    101,
                    30,
                    72,
                    71,
                    63,
                    41,
                    23,
                    51
                ]
            ]
        },
        {
            "evaluation": {
                "C": 94.44444444444444,
                "D": 68.88544891640868,
                "H": 81.07264836014942,
                "R": 84.04237570904237
            },
            "parameters": {
                "method": [
                    "selection",
                    false,
                    0
                ]
            },
            "size": {
                "word count": [
                    150,
                    147
                ]
            },
            "summ": [
                [
                    31,
                    62,
                    4,
                    7,
                    126,
                    89
                ],
                [
                    70,
                    50,
                    97,
                    81,
                    13,
                    101,
                    30,
                    72,
                    71,
                    63,
                    40,
                    41,
                    51,
                    20
                ]
            ]
        },
        {
            "evaluation": {
                "C": 94.44444444444444,
                "D": 68.88544891640868,
                "H": 81.07264836014942,
                "R": 84.04237570904237
            },
            "parameters": {
                "method": [
                    "selection",
                    false,
                    0
                ]
            },
            "size": {
                "word count": [
                    149,
                    150
                ]
            },