{
    "meta": {
        "limits (per side)": {
            "sentences": 20,
            "words": 150
        },
        "run time": 0.33,
        "size": {
            "source": {
                "sentences": [
                    68,
                    52
                ],
                "words": [
                    1108,
                    594
                ]
            }
        },
        "source": [
            [
                [
                    "D2a",
                    "D2b"
                ]
            ]
        ]
    },
    "output": [
        {
            "evaluation": {
                "C": 77.77777777777779,
                "D": 65.3250773993808,
                "H": 76.82162200015883,
                "R": 91.85852519185852
            },
            "parameters": {
                "method": [
                    "alternate",
                    false,
                    0
                ]
            },
            "size": {
                "word count": [
                    150,
                    150
                ]
            },
            "summ": [
                [
                    77,
                    32,
                    62,
                    108,
                    31,
                    5
                ],
                [
                    71,
                    55,
                    15,
                    52,
                    97,
                    65,
                    81,
                    13,
                    101,
                    24,
                    30,
                    26,
                    72,
                    45
                ]
            ]
        },
        {
            "evaluation": {
                "C": 88.88888888888889,
                "D": 74.76780185758514,
                "H": 85.13240144903982,
                "R": 94.21087754421087
            },
            "parameters": {
                "method": [
                    "alternate",
                    false,
                    0
                ]
            },
            "size": {
                "word count": [
                    149,
                    149
                ]
            },
            "summ": [
                [
                    84,
                    137,
                    62,
                    121,
                    5,
                    72,
                    7,
                    6,
                    126,
                    31,
                    122
                ],
                [
                    71,
                    49,
                    79,
                    105,
                    97,
                    69,
                    81,
                    13,
                    101,
                    24,
                    30,
                    70,
                    65
                ]
            ]
        },
        {
            "evaluation": {
                "C": 94.44444444444444,
                "D": 77.39938080495355,
                "H": 88.11313719221155,
                "R": 94.88655321988655
            },
            "parameters": {
                "method": [
                    "alternate",
                    false,
                    0
                ]
            },
            "size": {
                "word count": [
                    150,
                    150
                ]
            },
            "summ": [
                [
                    84,
                    133,
                    62,
                    33,
                    5,
                    72,
                    7,
                    6,
                    126,
                    122
                ],
                [
                    71,
                    4,
                    20,
                    105,
                    97,
                    69,
                    81,
                    13,
                    101,
                    24,
                    30,
                    72,
                    70,
                    36,
                    45
                ]
            ]
        },
        {
            "evaluation": {
                "C": 83.33333333333334,
                "D": 68.57585139318886,
                "H": 80.20776176279904,
                "R": 92.4174174174174
            },
            "parameters": {
                "method": [
                    "alternate",
                    false,
                    0
                ]
            },
            "size": {
                "word count": [
                    148,
                    150
                ]
            },
            "summ": [
                [
                    28,
                    117,
                    62,
                    56,
                    113,
                    5,
                    7,
                    24
                ],
                [
                    70,
                    96,
                    15,
                    38,
                    97,
                    21,
                    81,
                    47,
                    13,
                    24,
                    101,
                    26,
                    30,
                    65,
                    45
                ]
            ]
        },
        {
            "evaluation": {
                "C": 77.77777777777779,
                "D": 74.45820433436532,
                "H": 81.31093370325472,
                "R": 94.26926926926926
            },
            "parameters": {
                "method": [
                    "alternate",
                    false,
                    0
                ]
            },
            "size": {
                "word count": [
                    150,
                    149
                ]
            },
            "summ": [
                [
                    4,
                    104,
                    62,
                    84,
                    121,
                    72,
                    6,
                    126
                ],
                [
                    71,
                    88,
                    40,
                    23,
                    97,
                    105,
                    81,
                    69,
                    13,
                    24,
                    101,
                    26,
                    72,
                    7
                ]
            ]
        },
        {
            "evaluation": {
                "C": 77.77777777777779,
                "D": 71.51702786377709,
                "H": 79.96234931091243,
                "R": 93.65198531865197
            },
            "parameters": {
                "method": [
                    "alternate",
                    false,
                    0
                ]
            },
            "size": {
                "word count": [
                    150,
                    149
                ]
            },
            "summ": [
                [
                    29,
                    106,
                    62,
                    8,
                    5,
                    72,
                    6
                ],
                [
                    71,
                    22,
                    15,
                    41,
                    97,
                    36,
                    81,
                    55,
                    13,
                    24,
                    101,
                    26,
                    30
                ]
            ]
        },
        {
            "evaluation": {
                "C": 88.88888888888889,
                "D": 77.39938080495355,
                "H": 86.4331599393385,
                "R": 94.88655321988657
            },
            "parameters": {
                "method": [
                    "alternate",
                    false,
                    0
                ]
            },