{
    "meta": {
        "limits (per side)": {
            "sentences": 20,
            "words": 150
        },
        "run time": 0.41,
        "size": {
            "source": {
                "sentences": [
                    68,
                    52
                ],
                "words": [
                    1108,
                    594
                ]
            }
        },
        "source": [
            [
                [
                    "D2a",
                    "D2b"
                ]
            ]
        ]
    },
    "output": [
        {
            "evaluation": {
                "C": 72.22222222222221,
                "D": 71.51702786377709,
                "H": 77.9085844395046,
                "R": 93.65198531865198
            },
            "parameters": {
                "method": [
                    "contrastive+representative",
                    false,
                    null
                ]
            },
            "size": {
                "word count": [
                    150,
                    150
                ]
            },
            "summ": [
                [
                    31,
                    47,
                    62,
                    108,
                    5,
                    72,
                    6,
                    126,
                    57,
                    24
                ],
                [
                    71,
                    96,
                    20,
                    51,
                    97,
                    65,
                    81,
                    63,
                    13,
                    24,
                    101,
                    26,
                    70,
                    52,
                    21
                ]
            ]
        },
        {
            "evaluation": {
                "C": 77.77777777777779,
                "D": 74.45820433436532,
                "H": 81.31093370325472,
                "R": 94.26926926926926
            },
            "parameters": {
                "method": [
                    "contrastive+representative",
                    false,
                    null
                ]
            },
            "size": {
                "word count": [
                    150,
                    150
                ]
            },
            "summ": [
                [
                    84,
                    18,
                    62,
                    121,
                    4,
                    67,
                    6,
                    126,
                    89
                ],
                [
                    70,
                    4,
                    81,
                    105,
                    97,
                    55,
                    13,
                    24,
                    101,
                    26,
                    30,
                    36,
                    45
                ]
            ]
        },
        {
            "evaluation": {
                "C": 77.77777777777779,
                "D": 71.51702786377709,
                "H": 79.96234931091243,
                "R": 93.65198531865198
            },
            "parameters": {
                "method": [
                    "contrastive+representative",
                    false,
                    null
                ]
            },
            "size": {
                "word count": [
                    150,
                    150
                ]
            },
            "summ": [
                [
                    77,
                    91,
                    62,
                    56,
                    31,
                    5,
                    72,
                    6,
                    126
                ],
                [
                    71,
                    88,
                    50,
                    52,
                    97,
                    105,
                    81,
                    69,
                    13,
                    24,
                    101,
                    26,
                    72,
                    70,
                    36,
                    40
                ]
            ]
        },
        {
            "evaluation": {
                "C": 88.88888888888889,
                "D": 77.39938080495355,
                "H": 86.4331599393385,
                "R": 94.88655321988655
            },
            "parameters": {
                "method": [
                    "contrastive+representative",
                    false,
                    null
                ]
            },
            "size": {
                "word count": [
                    150,
                    150
                ]
            },
            "summ": [
                [
                    84,
                    18,
                    62,
                    121,
                    5,
                    72,
                    7,
                    6,
                    126,
                    29,
                    24
                ],
                [
                    71,
                    57,
                    40,
                    105,
                    97,
                    69,
                    81,
                    13,
                    101,
                    24,
                    30,
                    26
                ]
            ]
        },
        {
            "evaluation": {
                "C": 83.33333333333334,
                "D": 77.39938080495355,
                "H": 84.60499076472995,
                "R": 94.88655321988655
            },
            "parameters": {
                "method": [
                    "contrastive+representative",
                    false,
                    null
                ]
            },
            "size": {
                "word count": [
                    150,
                    149
                ]
            },
            "summ": [
                [
                    84,
                    91,
                    62,
                    89,
                    5,
                    72,
                    7,
                    6,
                    126,
                    21,
                    57
                ],
                [
                    71,
                    60,
                    50,
                    105,
                    97,
                    63,
                    81,
                    13,
                    101,
                    24,
                    26
                ]
            ]
        },
        {
            "evaluation": {
                "C": 77.77777777777779,
                "D": 65.63467492260061,
                "H": 76.95026154924334,
                "R": 91.80013346680013
            },
            "parameters": {
                "method": [
                    "contrastive+representative",
                    false,
                    null
                ]
            },
            "size": {
                "word count": [
                    149,
                    150
                ]
            },
            "summ": [
                [
                    77,
                    43,
                    62,
                    122,
                    31,
                    4
                ],
                [
                    70,
                    61,
                    79,
                    52,
                    97,
                    105,
                    81,
                    13,
                    101,
                    24,
                    30,
                    72,
                    45,
                    36
                ]
            ]
        },
        {
            "evaluation": {
                "C": 94.44444444444444,
                "D": 80.03095975232199,
                "H": 89.4246813609233,