{
    "meta": {
        "limits (per side)": {
            "sentences": 20,
            "words": 150
        },
        "run time": 0.31,
        "size": {
            "source": {
                "sentences": [
                    68,
                    52
                ],
                "words": [
                    1108,
                    594
                ]
            }
        },
        "source": [
            [
                [
                    "D2a",
                    "D2b"
                ]
            ]
        ]
    },
    "output": [
        {
            "evaluation": {
                "C": 72.22222222222221,
                "D": 68.26625386996903,
                "H": 76.31972304156335,
                "R": 92.4758091424758
            },
            "parameters": {
                "method": [
                    "contrastive+representative",
                    false,
                    null
                ]
            },
            "size": {
                "word count": [
                    150,
                    149
                ]
            },
            "summ": [
                [
                    4,
                    102,
                    62,
                    24,
                    26,
                    43
                ],
                [
                    70,
                    100,
                    50,
                    23,
                    97,
                    7,
                    81,
                    45,
                    13,
                    24,
                    101,
                    26,
                    30,
                    31,
                    21,
                    20
                ]
            ]
        },
        {
            "evaluation": {
                "C": 77.77777777777779,
                "D": 70.89783281733746,
                "H": 79.58161655439085,
                "R": 93.15148481815149
            },
            "parameters": {
                "method": [
                    "contrastive+representative",
                    false,
                    null
                ]
            },
            "size": {
                "word count": [
                    150,
                    149
                ]
            },
            "summ": [
                [
                    27,
                    104,
                    62,
                    24,
                    31,
                    4
                ],
                [
                    70,
                    26,
                    41,
                    21,
                    97,
                    47,
                    81,
                    13,
                    101,
                    24,
                    30,
                    31,
                    72,
                    7
                ]
            ]
        },
        {
            "evaluation": {
                "C": 94.44444444444444,
                "D": 80.03095975232199,
                "H": 89.4246813609233,
                "R": 95.56222889556223
            },
            "parameters": {
                "method": [
                    "contrastive+representative",
                    false,
                    null
                ]
            },
            "size": {
                "word count": [
                    150,
                    150
                ]
            },
            "summ": [
                [
                    31,
                    115,
                    62,
                    56,
                    5,
                    72,
                    7,
                    6,
                    126,
                    84,
                    24
                ],
                [
                    71,
                    110,
                    101,
                    51,
                    97,
                    21,
                    81,
                    47,
                    13,
                    24,
                    30,
                    26,
                    72
                ]
            ]
        },
        {
            "evaluation": {
                "C": 88.88888888888889,
                "D": 77.08978328173374,
                "H": 86.32023611286984,
                "R": 94.94494494494495
            },
            "parameters": {
                "method": [
                    "contrastive+representative",
                    false,
                    null
                ]
            },
            "size": {
                "word count": [
                    149,
                    150
                ]
            },
            "summ": [
                [
                    29,
                    121,
                    62,
                    24,
                    4,
                    67,
                    7
                ],
                [
                    70,
                    30,
                    79,
                    21,
                    97,
                    47,
                    81,
                    13,
                    101,
                    24,
                    72,
                    26,
                    71,
                    41,
                    7
                ]
            ]
        },
        {
            "evaluation": {
                "C": 77.77777777777779,
                "D": 77.08978328173374,
                "H": 82.50496057160692,
                "R": 94.94494494494494
            },
            "parameters": {
                "method": [
                    "contrastive+representative",
                    false,
                    null
                ]
            },
            "size": {
                "word count": [
                    150,
                    149
                ]
            },
            "summ": [
                [
                    31,
                    85,
                    62,
                    57,
                    4,
                    67,
                    6,
                    126,
                    24
                ],
                [
                    70,
                    8,
                    40,
                    51,
                    97,
                    21,
                    81,
                    47,
                    13,
                    24,
                    101,
                    26,
                    30,
                    31,
                    7,
                    50
                ]
            ]
        },
        {
            "evaluation": {
                "C": 72.22222222222221,
                "D": 71.51702786377709,
                "H": 77.9085844395046,
                "R": 93.65198531865198
            },
            "parameters": {
                "method": [
                    "contrastive+representative",
                    false,
                    null
                ]
            },
            "size": {
                "word count": [
                    149,
                    149
                ]
            },
            "summ": [
                [
                    84,
                    46,
                    62,
                    33,
                    4,
                    67,
                    6,
                    24
                ],
                [
                    70,
                    96,
                    81,
                    105,
                    97,
                    47,
                    13,
                    24,
                    101,
                    26,
                    30,
                    7
                ]
            ]
        },
        {
            "evaluation": {
                "C": 83.33333333333334,
                "D": 74.45820433436532,
                "H": 83.24485276154945,
                "R": 94.26926926926927
            },