{
    "meta": {
        "limits (per side)": {
            "sentences": 20,
            "words": 150
        },
        "run time": 0.29,
        "size": {
            "source": {
                "sentences": [
                    68,
                    52
                ],
                "words": [
                    1108,
                    594
                ]
            }
        },
        "source": [
            [
                [
                    "D2a",
                    "D2b"
                ]
            ]
        ]
    },
    "output": [
        {
            "evaluation": {
                "C": 94.44444444444444,
                "D": 77.39938080495355,
                "H": 88.11313719221155,
                "R": 94.88655321988657
            },
            "parameters": {
                "method": [
                    "alternate",
                    false,
                    0
                ]
            },
            "size": {
                "word count": [
                    150,
                    149
                ]
            },
            "summ": [
                [
                    31,
                    54,
                    62,
                    24,
                    5,
                    72,
                    7,
                    6,
                    126,
                    136
                ],
                [
                    71,
                    8,
                    81,
                    51,
                    97,
                    43,
                    13,
                    61,
                    101,
                    24,
                    30,
                    72,
                    70,
                    65
                ]
            ]
        },
        {
            "evaluation": {
                "C": 94.44444444444444,
                "D": 80.03095975232199,
                "H": 89.4246813609233,
                "R": 95.56222889556221
            },
            "parameters": {
                "method": [
                    "alternate",
                    false,
                    0
                ]
            },
            "size": {
                "word count": [
                    150,
                    150
                ]
            },
            "summ": [
                [
                    31,
                    61,
                    62,
                    5,
                    7,
                    72,
                    126,
                    6,
                    122,
                    24
                ],
                [
                    71,
                    15,
                    97,
                    51,
                    81,
                    21,
                    13,
                    47,
                    101,
                    24,
                    30,
                    26,
                    72,
                    70
                ]
            ]
        },
        {
            "evaluation": {
                "C": 72.22222222222221,
                "D": 71.20743034055728,
                "H": 77.79919784408882,
                "R": 93.71037704371037
            },
            "parameters": {
                "method": [
                    "alternate",
                    false,
                    0
                ]
            },
            "size": {
                "word count": [
                    150,
                    150
                ]
            },
            "summ": [
                [
                    28,
                    108,
                    62,
                    26,
                    5,
                    72,
                    6
                ],
                [
                    71,
                    63,
                    97,
                    38,
                    81,
                    21,
                    13,
                    24,
                    101,
                    26,
                    72,
                    70,
                    69
                ]
            ]
        },
        {
            "evaluation": {
                "C": 83.33333333333334,
                "D": 74.14860681114551,
                "H": 83.13064639946029,
                "R": 94.32766099432766
            },
            "parameters": {
                "method": [
                    "alternate",
                    false,
                    0
                ]
            },
            "size": {
                "word count": [
                    150,
                    150
                ]
            },
            "summ": [
                [
                    27,
                    61,
                    62,
                    33,
                    5,
                    67,
                    6,
                    126,
                    84
                ],
                [
                    70,
                    53,
                    101,
                    30,
                    97,
                    21,
                    81,
                    47,
                    13,
                    24,
                    72,
                    26,
                    41
                ]
            ]
        },
        {
            "evaluation": {
                "C": 94.44444444444444,
                "D": 74.76780185758514,
                "H": 86.76171763494565,
                "R": 94.21087754421086
            },
            "parameters": {
                "method": [
                    "alternate",
                    false,
                    0
                ]
            },
            "size": {
                "word count": [
                    150,
                    149
                ]
            },
            "summ": [
                [
                    84,
                    106,
                    62,
                    5,
                    7,
                    72,
                    126,
                    122,
                    24
                ],
                [
                    71,
                    53,
                    41,
                    105,
                    97,
                    69,
                    81,
                    13,
                    101,
                    24,
                    30,
                    70,
                    36,
                    45
                ]
            ]
        },
        {
            "evaluation": {
                "C": 77.77777777777779,
                "D": 68.57585139318886,
                "H": 78.5582711243589,
                "R": 93.03470136803469
            },
            "parameters": {
                "method": [
                    "alternate",
                    false,
                    0
                ]
            },
            "size": {
                "word count": [
                    150,
                    150
                ]
            },
            "summ": [
                [
                    31,
                    47,
                    62,
                    56,
                    4,
                    67,
                    24
                ],
                [
                    70,
                    22,
                    23,
                    43,
                    97,
                    61,
                    81,
                    13,
                    101,
                    24,
                    30,
                    72,
                    71
                ]
            ]
        },
        {
            "evaluation": {
                "C": 88.88888888888889,
                "D": 74.14860681114551,
                "H": 84.89499025342099,
                "R": 94.32766099432766
            },
            "parameters": {
                "method": [
                    "alternate",
                    false,
                    0
                ]
            },