{
    "meta": {
        "limits (per side)": {
            "sentences": 20,
            "words": 150
        },
        "run time": 0.32,
        "size": {
            "source": {
                "sentences": [
                    68,
                    52
                ],
                "words": [
                    1108,
                    594
                ]
            }
        },
        "source": [
            [
                [
                    "D2a",
                    "D2b"
                ]
            ]
        ]
    },
    "output": [
        {
            "evaluation": {
                "C": 77.77777777777779,
                "D": 68.26625386996903,
                "H": 78.28951449090547,
                "R": 92.4758091424758
            },
            "parameters": {
                "method": [
                    "alternate",
                    false,
                    0
                ]
            },
            "size": {
                "word count": [
                    148,
                    149
                ]
            },
            "summ": [
                [
                    27,
                    115,
                    62,
                    24,
                    33,
                    4
                ],
                [
                    70,
                    60,
                    23,
                    21,
                    97,
                    47,
                    81,
                    13,
                    101,
                    24,
                    30,
                    26,
                    72,
                    71
                ]
            ]
        },
        {
            "evaluation": {
                "C": 77.77777777777779,
                "D": 68.26625386996903,
                "H": 78.28951449090547,
                "R": 92.4758091424758
            },
            "parameters": {
                "method": [
                    "alternate",
                    false,
                    0
                ]
            },
            "size": {
                "word count": [
                    150,
                    150
                ]
            },
            "summ": [
                [
                    28,
                    78,
                    62,
                    24,
                    33,
                    4,
                    43
                ],
                [
                    70,
                    60,
                    41,
                    21,
                    97,
                    47,
                    81,
                    13,
                    101,
                    24,
                    30,
                    26,
                    72,
                    71,
                    7
                ]
            ]
        },
        {
            "evaluation": {
                "C": 88.88888888888889,
                "D": 77.39938080495355,
                "H": 86.43315993933848,
                "R": 94.88655321988654
            },
            "parameters": {
                "method": [
                    "alternate",
                    false,
                    0
                ]
            },
            "size": {
                "word count": [
                    150,
                    149
                ]
            },
            "summ": [
                [
                    28,
                    21,
                    62,
                    122,
                    121,
                    5,
                    7,
                    72,
                    126,
                    6,
                    84
                ],
                [
                    71,
                    110,
                    40,
                    38,
                    97,
                    43,
                    81,
                    61,
                    13,
                    24,
                    101,
                    26,
                    72
                ]
            ]
        },
        {
            "evaluation": {
                "C": 83.33333333333334,
                "D": 71.51702786377709,
                "H": 81.83191273692678,
                "R": 93.65198531865198
            },
            "parameters": {
                "method": [
                    "alternate",
                    false,
                    0
                ]
            },
            "size": {
                "word count": [
                    150,
                    150
                ]
            },
            "summ": [
                [
                    29,
                    69,
                    62,
                    61,
                    95,
                    5,
                    7,
                    72
                ],
                [
                    71,
                    8,
                    20,
                    41,
                    97,
                    21,
                    81,
                    47,
                    13,
                    24,
                    101,
                    26,
                    30,
                    70,
                    36,
                    45
                ]
            ]
        },
        {
            "evaluation": {
                "C": 83.33333333333334,
                "D": 76.78018575851394,
                "H": 84.3878541872576,
                "R": 95.00333667000334
            },
            "parameters": {
                "method": [
                    "alternate",
                    false,
                    0
                ]
            },
            "size": {
                "word count": [
                    150,
                    150
                ]
            },
            "summ": [
                [
                    77,
                    43,
                    62,
                    61,
                    95,
                    5,
                    67,
                    6,
                    126,
                    24
                ],
                [
                    70,
                    69,
                    50,
                    52,
                    97,
                    65,
                    81,
                    13,
                    101,
                    24,
                    30,
                    26,
                    72,
                    31,
                    45,
                    21
                ]
            ]
        },
        {
            "evaluation": {
                "C": 66.66666666666666,
                "D": 68.88544891640868,
                "H": 74.49292315452804,
                "R": 92.9763096429763
            },
            "parameters": {
                "method": [
                    "alternate",
                    false,
                    0
                ]
            },
            "size": {
                "word count": [
                    150,
                    149
                ]
            },
            "summ": [
                [
                    4,
                    137,
                    62,
                    61,
                    95,
                    72,
                    6
                ],
                [
                    71,
                    104,
                    51,
                    65,
                    97,
                    63,
                    81,
                    13,
                    101,
                    24,
                    36
                ]
            ]
        },
        {
            "evaluation": {
                "C": 61.111111111111114,
                "D": 56.811145510835914,
                "H": 65.60368752686509,
                "R": 85.01001001001
            },
            "parameters": {
                "method": [
                    "alternate",
                    false,
                    0
                ]
            },