{
    "meta": {
        "limits (per side)": {
            "sentences": 20,
            "words": 150
        },
        "run time": 0.27,
        "size": {
            "source": {
                "sentences": [
                    68,
                    52
                ],
                "words": [
                    1108,
                    594
                ]
            }
        },
        "source": [
            [
                [
                    "D2a",
                    "D2b"
                ]
            ]
        ]
    },
    "output": [
        {
            "evaluation": {
                "C": 72.22222222222221,
                "D": 68.88544891640868,
                "H": 76.69018312302424,
                "R": 92.9763096429763
            },
            "parameters": {
                "method": [
                    "contrastive+representative",
                    false,
                    null
                ]
            },
            "size": {
                "word count": [
                    150,
                    149
                ]
            },
            "summ": [
                [
                    28,
                    113,
                    62,
                    108,
                    5,
                    67,
                    6,
                    126,
                    24
                ],
                [
                    70,
                    8,
                    15,
                    38,
                    97,
                    105,
                    81,
                    69,
                    13,
                    24,
                    101,
                    26,
                    71
                ]
            ]
        },
        {
            "evaluation": {
                "C": 77.77777777777779,
                "D": 71.51702786377709,
                "H": 79.96234931091243,
                "R": 93.65198531865198
            },
            "parameters": {
                "method": [
                    "contrastive+representative",
                    false,
                    null
                ]
            },
            "size": {
                "word count": [
                    149,
                    150
                ]
            },
            "summ": [
                [
                    29,
                    32,
                    62,
                    14,
                    31,
                    5,
                    67,
                    6,
                    126
                ],
                [
                    70,
                    57,
                    51,
                    43,
                    97,
                    61,
                    81,
                    13,
                    101,
                    24,
                    30,
                    26,
                    36,
                    45,
                    50,
                    7
                ]
            ]
        },
        {
            "evaluation": {
                "C": 77.77777777777779,
                "D": 71.51702786377709,
                "H": 79.96234931091243,
                "R": 93.65198531865198
            },
            "parameters": {
                "method": [
                    "contrastive+representative",
                    false,
                    null
                ]
            },
            "size": {
                "word count": [
                    149,
                    150
                ]
            },
            "summ": [
                [
                    27,
                    25,
                    62,
                    56,
                    33,
                    5,
                    67,
                    6,
                    126
                ],
                [
                    70,
                    49,
                    41,
                    21,
                    97,
                    47,
                    81,
                    13,
                    101,
                    24,
                    30,
                    26,
                    71
                ]
            ]
        },
        {
            "evaluation": {
                "C": 88.88888888888889,
                "D": 77.08978328173374,
                "H": 86.32023611286984,
                "R": 94.94494494494492
            },
            "parameters": {
                "method": [
                    "contrastive+representative",
                    false,
                    null
                ]
            },
            "size": {
                "word count": [
                    149,
                    150
                ]
            },
            "summ": [
                [
                    84,
                    119,
                    62,
                    121,
                    4,
                    67,
                    7,
                    24
                ],
                [
                    70,
                    69,
                    101,
                    105,
                    97,
                    81,
                    13,
                    24,
                    30,
                    26,
                    72,
                    45
                ]
            ]
        },
        {
            "evaluation": {
                "C": 72.22222222222221,
                "D": 68.57585139318886,
                "H": 76.5751037308649,
                "R": 93.0347013680347
            },
            "parameters": {
                "method": [
                    "contrastive+representative",
                    false,
                    null
                ]
            },
            "size": {
                "word count": [
                    149,
                    149
                ]
            },
            "summ": [
                [
                    29,
                    76,
                    62,
                    108,
                    89,
                    5,
                    72,
                    6,
                    24
                ],
                [
                    71,
                    53,
                    101,
                    41,
                    97,
                    36,
                    81,
                    55,
                    13,
                    24,
                    30,
                    26,
                    70,
                    21
                ]
            ]
        },
        {
            "evaluation": {
                "C": 88.88888888888889,
                "D": 77.39938080495355,
                "H": 86.43315993933848,
                "R": 94.88655321988654
            },
            "parameters": {
                "method": [
                    "contrastive+representative",
                    false,
                    null
                ]
            },
            "size": {
                "word count": [
                    150,
                    149
                ]
            },
            "summ": [
                [
                    29,
                    11,
                    62,
                    24,
                    95,
                    5,
                    7,
                    72,
                    126,
                    6,
                    84
                ],
                [
                    71,
                    110,
                    40,
                    41,
                    97,
                    36,
                    81,
                    55,
                    13,
                    24,
                    101,
                    26,
                    30,
                    70,
                    21
                ]
            ]
        },
        {
            "evaluation": {
                "C": 72.22222222222221,
                "D": 65.3250773993808,
                "H": 74.92410830984737,