{
    "meta": {
        "limits (per side)": {
            "sentences": 20,
            "words": 100
        },
        "run time": 0.54,
        "size": {
            "source": {
                "sentences": [
                    66,
                    50
                ],
                "words": [
                    1019,
                    569
                ]
            }
        },
        "source": [
            [
                "D2a",
                "D2b"
            ],
            [
                [
                    "D2a",
                    "D2b"
                ]
            ]
        ]
    },
    "output": [
        {
            "evaluation": {
                "C": 38.88888888888889,
                "D": 48.529411764705884,
                "H": 49.0759138684893,
                "R": 67.52450980392157
            },
            "parameters": {
                "alpha": 20,
                "aspect detection": "manual",
                "method": "noncontrastive",
                "polarity attribution": "manual",
                "summization": "greedy"
            },
            "size": {
                "word count": [
                    100,
                    100
                ]
            },
            "summ": [
                [
                    84,
                    106,
                    67,
                    55,
                    6,
                    37,
                    136
                ],
                [
                    63,
                    105,
                    101,
                    31,
                    72,
                    69,
                    21
                ]
            ]
        },
        {
            "evaluation": {
                "C": 38.88888888888889,
                "D": 48.529411764705884,
                "H": 49.25720405355449,
                "R": 68.56617647058825
            },
            "parameters": {
                "alpha": 20,
                "aspect detection": "manual",
                "method": "noncontrastive",
                "polarity attribution": "manual",
                "summization": "greedy"
            },
            "size": {
                "word count": [
                    100,
                    100
                ]
            },
            "summ": [
                [
                    108,
                    4,
                    6,
                    72,
                    55,
                    17
                ],
                [
                    63,
                    105,
                    31,
                    101,
                    72,
                    28
                ]
            ]
        },
        {
            "evaluation": {
                "C": 38.88888888888889,
                "D": 48.529411764705884,
                "H": 49.25720405355449,
                "R": 68.56617647058825
            },
            "parameters": {
                "alpha": 20,
                "aspect detection": "manual",
                "method": "noncontrastive",
                "polarity attribution": "manual",
                "summization": "greedy"
            },
            "size": {
                "word count": [
                    100,
                    100
                ]
            },
            "summ": [
                [
                    61,
                    4,
                    67,
                    55,
                    6,
                    17,
                    24
                ],
                [
                    63,
                    105,
                    31,
                    101,
                    72,
                    28
                ]
            ]
        },
        {
            "evaluation": {
                "C": 33.33333333333333,
                "D": 48.529411764705884,
                "H": 46.01896738656331,
                "R": 68.56617647058825
            },
            "parameters": {
                "alpha": 20,
                "aspect detection": "manual",
                "method": "noncontrastive",
                "polarity attribution": "manual",
                "summization": "greedy"
            },
            "size": {
                "word count": [
                    100,
                    100
                ]
            },
            "summ": [
                [
                    108,
                    4,
                    72,
                    55,
                    6,
                    21,
                    24
                ],
                [
                    63,
                    105,
                    31,
                    101,
                    24,
                    55
                ]
            ]
        },
        {
            "evaluation": {
                "C": 33.33333333333333,
                "D": 48.529411764705884,
                "H": 45.86069191643195,
                "R": 67.52450980392157
            },
            "parameters": {
                "alpha": 20,
                "aspect detection": "manual",
                "method": "noncontrastive",
                "polarity attribution": "manual",
                "summization": "greedy"
            },
            "size": {
                "word count": [
                    99,
                    100
                ]
            },
            "summ": [
                [
                    84,
                    106,
                    55,
                    67,
                    6,
                    37,
                    43
                ],
                [
                    63,
                    105,
                    101,
                    31,
                    24,
                    4
                ]
            ]
        },
        {
            "evaluation": {
                "C": 33.33333333333333,
                "D": 48.529411764705884,
                "H": 46.01896738656331,
                "R": 68.56617647058825
            },
            "parameters": {
                "alpha": 20,
                "aspect detection": "manual",
                "method": "noncontrastive",
                "polarity attribution": "manual",
                "summization": "greedy"
            },
            "size": {
                "word count": [
                    99,
                    100
                ]
            },
            "summ": [
                [
                    108,
                    4,
                    55,
                    67,
                    6,
                    17
                ],
                [
                    63,
                    105,
                    101,
                    31,
                    24,
                    55
                ]
            ]
        },
        {
            "evaluation": {
                "C": 33.33333333333333,
                "D": 48.529411764705884,
                "H": 46.01896738656331,
                "R": 68.56617647058825
            },
            "parameters": {
                "alpha": 20,
                "aspect detection": "manual",
                "method": "noncontrastive",
                "polarity attribution": "manual",
                "summization": "greedy"
            },
            "size": {
                "word count": [
                    99,
                    99
                ]
            },
            "summ": [
                [
                    61,
                    4,
                    72,
                    55,
                    6,
                    17
                ],
                [
                    63,
                    105,
                    31,
                    101,
                    24,
                    88
                ]
            ]
        },
        {
            "evaluation": {
                "C": 33.33333333333333,
                "D": 48.529411764705884,
                "H": 46.01896738656331,